n,contacto,empresa,rubro,pais,ciudad_provincia,web,email,email_tipo,contacto_nombre_cargo,url_donde_figura_el_email,fuente_fecha,email_generico,emails_encontrados,sin_email,por_que_encaja,gancho,telefonos,linkedin,linkedin_persona,formulario,whatsapp,redes,utm_campaign,utm_content
S1,204,Pipe Tech,"Software a medida, IA aplicada, automatización de procesos y bots conversacionales",Argentina,Pilar (Buenos Aires); oficina en Barcelona,https://www.pipe.com.ar,frojas@pipe.com.ar,persona,"Federico Rodriguez Rojas, CEO/fundador (ficha: 'CEO/FOUNDER')",https://www.cancilleria.gob.ar/en/new-technologies/next-from-argentina-en/pipe-tech,"https://www.cancilleria.gob.ar/en/new-technologies/next-from-argentina-en/pipe-tech (ficha Next from Argentina, Cancillería; bajada el 7-oct-2026)",info@pipe.com.ar,"frojas@pipe.com.ar (persona, Federico Rodriguez Rojas, CEO/fundador, https://www.cancilleria.gob.ar/en/new-technologies/next-from-argentina-en/pipe-tech); info@pipe.com.ar (atención, casilla general, https://www.pipe.com.ar/contacto)",,"Ya vende agentes y bots conversacionales a pymes de muchos rubros (agro, salud, logística, gobierno, según la ficha); la voz por teléfono es el canal que no construye.","'Software · Inteligencia Artificial · Automatización': 'Agentes, copilotos y modelos que entienden tu negocio y trabajan junto a tu equipo todos los días'; socio tecnológico desde 2009 (home, 7-oct-2026). Ficha de Cancillería: 'bots conversacionales', consultas a bases de datos en lenguaje natural; 20 personas, SAS fundada en 2018, Pilar; CEO/fundador Federico Rodriguez Rojas.",—,https://www.linkedin.com/company/pipe-tech-sas/,https://www.linkedin.com/in/rrojasfederico/ (enlazado en la ficha); también https://www.linkedin.com/in/adrian-tavella,https://www.pipe.com.ar/contacto,"— (sin WhatsApp publicado: revisados home, contacto y nosotros del sitio, 7-oct-2026)",https://www.instagram.com/pipetech.ok,canales4,pipe-tech
S2,205,TGV,Software a medida e implementación de SAP y JD Edwards; soluciones de IA empresarial,Argentina,CABA,https://www.tgv.com.ar,mkt@tgv.com.ar,área,marketing (contacto de la ficha; el sitio no publica emails),https://www.cancilleria.gob.ar/en/new-technologies/next-from-argentina-en/tgv,"https://www.cancilleria.gob.ar/en/new-technologies/next-from-argentina-en/tgv (ficha Next from Argentina, Cancillería; bajada el 7-oct-2026)",info@tgv.com.ar,"mkt@tgv.com.ar (área, marketing, https://www.cancilleria.gob.ar/en/new-technologies/next-from-argentina-en/tgv); info@tgv.com.ar (atención, casilla general, https://cessi.org.ar/socio/tgv/)","Ernesto Galíndez, CEO/fundador (ficha de Cancillería; LinkedIn enlazado en /nuestro-equipo).",Implementador de ERP con práctica de IA y cientos de clientes medianos que cobran y atienden por teléfono; puede integrar el agente de voz a SAP o JDE.,"'Soluciones de Inteligencia Artificial Empresarial'; 'Melissa, nuestro agente de IA junto a Oracle sobre OCI, que ya responde en tiempo real dentro del ERP JD Edwards' (home, 7-oct-2026). Fundó el Polo IT de Buenos Aires y es socia de CESSI; 300 personas, fundada en 1992, CMMI (ficha de Cancillería).",—,https://www.linkedin.com/company/tgv/,https://www.linkedin.com/in/ernesto-galindez-817799/ (enlazado en /nuestro-equipo),https://www.tgv.com.ar/contactanos,"wa.me/12086490291 ('Hola TGV cuentame mas'), botón del sitio con un número de EE. UU. (7-oct-2026)",https://www.instagram.com/tgvgroup,canales4,tgv
S3,206,Mutt Data,"Consultora de datos e IA: plataformas de datos (Databricks, AWS) y soluciones de ML y GenAI",Argentina,CABA,https://muttdata.ai,sales@muttdata.ai,área,ventas (contacto de la ficha; el sitio no publica emails),https://www.cancilleria.gob.ar/en/new-technologies/next-from-argentina-en/muttdata,"https://www.cancilleria.gob.ar/en/new-technologies/next-from-argentina-en/muttdata (ficha Next from Argentina, Cancillería; bajada el 7-oct-2026)",sales@muttdata.ai,"sales@muttdata.ai (área, ventas, https://www.cancilleria.gob.ar/en/new-technologies/next-from-argentina-en/muttdata)","Juan Martín Pampliega, CEO/fundador (ficha de Cancillería).","Consultora de IA de 100 personas con clientes de banca, fintech y retail: puede sumar la voz telefónica a los proyectos que ya hace.","'Modern Data Platform & AI Consulting'; 'AI Enterprise Partner of the Year' de Databricks, 'más de 90 expertos certificados por Databricks', partner de AWS (home, 7-oct-2026). 108 personas, fundada en 2018; CEO/fundador Juan Martín Pampliega; clientes en banca, fintech, retail y marketing (ficha de Cancillería).",—,https://www.linkedin.com/company/mutt-data/,https://www.linkedin.com/in/juan-martin-pampliega/ (enlazado en la ficha),https://muttdata.ai/contact,"— (sin WhatsApp publicado: revisados home, contacto y nosotros del sitio, 7-oct-2026)",https://www.instagram.com/mutt.data ; https://x.com/mutt_data,canales4,muttdata
S4,207,Pigmalion Software,"Desarrollo de software y productos digitales; datos, analítica e IA para industria y finanzas",Argentina,CABA (Av. Pueyrredón 510); oficinas en Barcelona y Ciudad de México,https://pigmalion.co,hello@pigmalion.co,atención,casilla general,https://pigmalion.co/home/,https://pigmalion.co/home/ (7-oct-2026),hello@pigmalion.co,"hello@pigmalion.co (atención, casilla general, https://pigmalion.co/home/); hi@pigmalion.co (atención, contacto de la ficha, https://www.cancilleria.gob.ar/en/new-technologies/next-from-argentina-en/pigmalion-software)","Diego Martiniano, CEO/fundador (ficha de Cancillería).",Construye modelos de IA y software para industria y finanzas; la voz telefónica es un canal más para esos clientes.,"Servicios de 'IA y Ciencia de Datos', desarrollo a medida y equipos dedicados; 'Data, analytics, and AI solutions' para empresas industriales y financieras (sitio, leído el 7-oct-2026; ficha de Cancillería). 35 personas, fundada en 2010; CEO/fundador Diego Martiniano.",—,https://www.linkedin.com/company/pigmalion-software/,https://www.linkedin.com/in/dmartiniano/ (enlazado en la ficha),https://pigmalion.co/home/ (formulario de contacto),"— (sin WhatsApp publicado: revisados home, contacto y nosotros del sitio, 7-oct-2026)",—,canales4,pigmalion
S5,208,Tekne Data Labs,"Consultora de datos e IA: plataformas de datos, agentes y automatización inteligente",Argentina,CABA (oficina); sociedad en Delaware (EE. UU.),https://teknedatalabs.com,info@teknedatalabs.com,atención,contacto de la ficha (el sitio no publica emails),https://www.cancilleria.gob.ar/en/new-technologies/next-from-argentina-en/teknedatalabs,"https://www.cancilleria.gob.ar/en/new-technologies/next-from-argentina-en/teknedatalabs (ficha Next from Argentina, Cancillería; bajada el 7-oct-2026)",info@teknedatalabs.com,"info@teknedatalabs.com (atención, contacto de la ficha, https://www.cancilleria.gob.ar/en/new-technologies/next-from-argentina-en/teknedatalabs); admin@teknedatalabs.com (área, administración, https://cessi.org.ar/socio/teknedatalabs/)","Rigoberto Malca La Rosa, CEO/cofundador; Axel García Giménez, cofundador (sitio y ficha).","Ya vende agentes de IA y automatización a seguros, energía y fintech; la voz por teléfono completa esos agentes.","'Data, IA y Automatización Inteligente'; 'Agentes y flujos que conectan la IA a tu operación y ejecutan trabajo real'; clientes Experta ART, DirecTV, Pan American Energy (sitio, leído el 7-oct-2026). 23 personas, fundada en 2020, CABA; CEO/fundador Rigoberto Malca La Rosa (ficha de Cancillería). Socia de CESSI.",—,https://www.linkedin.com/company/teknedatalabs/,https://www.linkedin.com/in/rigoxu/ ; https://www.linkedin.com/in/agarciagimenez/ (enlazados en la ficha),https://teknedatalabs.com/ (formulario),"— (sin WhatsApp publicado: revisados home, contacto y nosotros del sitio, 7-oct-2026)",—,canales4,tekne-data-labs
S6,209,C&S Informática,"Soluciones tecnológicas a medida con IA, automatización y analítica de datos",Argentina,CABA,https://www.cys.com.ar,info@cys.com.ar,atención,casilla general (ficha de Cancillería y de CESSI),https://www.cancilleria.gob.ar/en/new-technologies/next-from-argentina-en/cs-informatica-sa,"https://www.cancilleria.gob.ar/en/new-technologies/next-from-argentina-en/cs-informatica-sa (ficha Next from Argentina, Cancillería; bajada el 7-oct-2026); https://cessi.org.ar/socio/cs/ (ficha de socio de CESSI, bajada el 5-oct-2026)",info@cys.com.ar,"info@cys.com.ar (atención, casilla general, https://www.cancilleria.gob.ar/en/new-technologies/next-from-argentina-en/cs-informatica-sa)","Norberto César Caniggia, CEO/fundador; Franco Boette (LinkedIn enlazados en la ficha).",Software factory grande con práctica de IA y clientes de gobierno y logística: puede integrar la voz en sus proyectos y revenderla.,"'C&S develops custom technology solutions by integrating software, artificial intelligence, automation and data analytics to optimize processes'; 116 personas, fundada en 1985; CEO/fundador Norberto César Caniggia; industrias: gobierno, logística, manufactura, educación (ficha de Cancillería). Socia de CESSI (categoría IA y BI). El sitio es una aplicación sin texto legible: los datos salen de las fichas.",—,https://www.linkedin.com/company/c&s-informatica-s.a. (ficha),https://www.linkedin.com/in/norberto-caniggia-cys/ ; https://www.linkedin.com/in/franco-boette-cys/ (ficha),https://www.cys.com.ar/ (sitio en Angular; no se pudo leer el formulario),— (sin WhatsApp publicado: el sitio no tiene texto legible; las fichas no lo publican; 7-oct-2026),—,canales4,cys
S7,210,Appstract,"Software a medida, automatización de procesos e integración de sistemas con IA",Argentina,"CABA (Virrey Liniers 2384, piso 10)",https://appstract.us,sales@appstract.us,área,ventas (contacto de la ficha; el sitio no publica emails),https://www.cancilleria.gob.ar/en/new-technologies/next-from-argentina-en/appstract,"https://www.cancilleria.gob.ar/en/new-technologies/next-from-argentina-en/appstract (ficha Next from Argentina, Cancillería; bajada el 7-oct-2026)",sales@appstract.us,"sales@appstract.us (área, ventas, https://www.cancilleria.gob.ar/en/new-technologies/next-from-argentina-en/appstract)","Pablo Telmo, CEO/fundador; Andrés Sosto (LinkedIn enlazados en la ficha).",Automatiza procesos con IA para clientes de varios rubros; las llamadas de atención y cobranza son un proceso más para automatizar.,"'AI-Powered Business Process Automation': 'helps organizations improve operational efficiency through custom software, process automation, systems integration and artificial intelligence'; 20 personas, fundada en 2016; CEO/fundador Pablo Telmo; industrias: construcción, finanzas, gobierno, logística (ficha de Cancillería). La home dice solo 'We transform your ideas into apps' (7-oct-2026).",—,https://www.linkedin.com/company/appstractweb/,https://www.linkedin.com/in/ptelmo/ ; https://www.linkedin.com/in/andres-sosto-ab36944/ (ficha),https://appstract.us/ (formulario 'Let's work together'),"— (sin WhatsApp publicado: revisados home, contacto y nosotros del sitio, 7-oct-2026)",https://www.instagram.com/appstract.us,canales4,appstract
S8,211,IT Maker,"Consultora de integración y analítica de datos, gobierno de datos e IA",Argentina,CABA,https://www.itmaker.com.ar,info@itmaker.com.ar,atención,casilla general,https://www.itmaker.com.ar/,"https://www.itmaker.com.ar/ (7-oct-2026); https://www.cancilleria.gob.ar/en/new-technologies/next-from-argentina-en/it-maker (ficha Next from Argentina, Cancillería; bajada el 7-oct-2026)",info@itmaker.com.ar,"info@itmaker.com.ar (atención, casilla general, https://www.itmaker.com.ar/)","Flavio Fazzano, CEO/fundador (ficha de Cancillería).",Consultora de datos de 60 personas con clientes en servicios públicos (mucho teléfono); puede sumar la voz a sus integraciones.,"'Data Hub Services'; 'Data Governance, Integration, Analytics, and AI'; 'data integration and analytics consulting firm capable of working with any platform'; 60 personas, fundada en 2011; CEO/fundador Flavio Fazzano; industrias: empresas en general y servicios públicos (ficha de Cancillería; home, 7-oct-2026).",—,https://www.linkedin.com/company/itmakerarg,https://www.linkedin.com/in/flaviofazzano/ (ficha),https://www.itmaker.com.ar/ (formulario),"— (sin WhatsApp publicado: revisados home, contacto y nosotros del sitio, 7-oct-2026)",https://x.com/ITMakerArg,canales4,it-maker
S9,212,Big Data Estratégico,"Consultora chica de transformación digital, datos e IA: chats con IA por WhatsApp y Telegram, automatizaciones, BI",Argentina,CABA,https://bigdataestrategico.com,info@bigdataestrategico.com,atención,casilla general (ficha; el sitio no publica emails),https://www.cancilleria.gob.ar/en/new-technologies/next-from-argentina-en/big-data-estrategico,"https://www.cancilleria.gob.ar/en/new-technologies/next-from-argentina-en/big-data-estrategico (ficha Next from Argentina, Cancillería; bajada el 7-oct-2026)",info@bigdataestrategico.com,"info@bigdataestrategico.com (atención, casilla general, https://www.cancilleria.gob.ar/en/new-technologies/next-from-argentina-en/big-data-estrategico)","Ignacio Bruera, CEO/fundador; Pablo Rey (LinkedIn enlazados en la ficha).",Ya vende chats con IA por WhatsApp a organizaciones; el teléfono es el canal que no cubre. Muy chica (5 personas).,"'Creamos chats con IA para hablar con los datos de la empresa preguntando con lenguaje natural a través de WhatsApp y Telegram'; soluciones con 'automatizaciones, bases de datos, APIs, inteligencia artificial, OCR, tableros' (home, 7-oct-2026). 5 personas, fundada en 2022; CEO Ignacio Bruera (ficha de Cancillería). Reserva de la tanda 2 por tamaño.",—,https://www.linkedin.com/company/big-data-estrategico/,https://www.linkedin.com/in/ignaciobruera/ (ficha),https://bigdataestrategico.com/ (formulario),"+54 9 11 5920-3837: https://wa.me/5491159203837 ('Hola, quiero mas informacion'), botón de la home (7-oct-2026)",https://www.instagram.com/bigdataestrategico_,canales4,big-data-estrategico
S10,213,Cloud Solutions LATAM,"Zoho Advanced Partner: consultoría e implementación de Zoho (CRM, BI, Creator) para empresas de LATAM",Argentina,"Buenos Aires (el sitio dice 'Operamos desde Buenos Aires, Argentina'); proyectos en Colombia, Chile y México",https://www.cloudsolutionslatam.com,hola@cloudsolutionslatam.com,atención,casilla general,https://www.cloudsolutionslatam.com/contacto,https://www.cloudsolutionslatam.com/contacto (7-oct-2026),hola@cloudsolutionslatam.com,"hola@cloudsolutionslatam.com (atención, casilla general, https://www.cloudsolutionslatam.com/contacto)",,Implementa Zoho CRM en empresas medianas de la región; el agente telefónico que registra cada contacto en el CRM es un producto para su cartera. Sin IA publicada.,"'Consultoría e implementación de Zoho para empresas en LATAM. Ordená procesos, mejorá decisiones y adoptá tecnología con criterio'; 'Zoho Advanced Partner certificado para Argentina y LATAM'; participó del encuentro global de partners de Zoho en India 2025 (home y /nosotros, 7-oct-2026). No menciona IA.",—,https://www.linkedin.com/company/cloudsolutionslatam/,—,https://www.cloudsolutionslatam.com/contacto,"— (el pie dice 'WhatsApp — Diagnóstico gratuito' pero no publica número ni link; revisados home, contacto y nosotros, 7-oct-2026)",https://www.instagram.com/cloudsolutionslatam,canales4,cloud-solutions-latam
S11,214,HabSar,"Agencia técnica y HubSpot Solutions Provider: implementación de CRM, integraciones y automatizaciones para pymes",Argentina,Buenos Aires (teléfono 11; el sitio dice 'Argentina'),https://www.habsar.com,contact@habsar.com,atención,casilla general,https://www.habsar.com/contacto,https://www.habsar.com/contacto (7-oct-2026),contact@habsar.com,"contact@habsar.com (atención, casilla general, https://www.habsar.com/contacto)",,Integra WhatsApp y automatizaciones en HubSpot para pymes; la voz telefónica es una integración más que puede revender.,"'Implementación de CRM, integraciones y automatizaciones para PYMEs'; 'Conectamos tu web con CRM, WhatsApp, pagos, automatizaciones y todo lo que uses' (home, 7-oct-2026). En el directorio de HubSpot: 'agencia técnica especializada en migraciones, arquitectura de procesos y automatizaciones a medida'.",+54 11 3934-2834 (sitio),https://www.linkedin.com/company/habsar,—,https://www.habsar.com/contacto,"+54 11 3934-2834: https://api.whatsapp.com/send/?phone=541139342834 ('Hola, quiero saber más de sus servicios'), botón del sitio (7-oct-2026)",https://www.instagram.com/habsar.it,canales4,habsar
S12,215,Axcelere,Partner Gold de Odoo: tecnología de gestión y consultoría de negocios 'para la transformación digital con inteligencia artificial',Argentina,"CABA (Av. del Libertador 7274, Núñez)",https://www.axcelere.com,hola@axcelere.com,atención,casilla general,https://www.axcelere.com/contacto,"https://www.axcelere.com/contacto (7-oct-2026); https://www.odoo.com/es/partners/axcelere-1758871?country_id=11 (ficha de partner en odoo.com, bajada el 7-oct-2026)",hola@axcelere.com,"hola@axcelere.com (atención, casilla general, https://www.axcelere.com/contacto)",,Implementador de Odoo para medianas que cobran y atienden por teléfono; el agente de voz se integra al ERP y entra en su catálogo.,"'potencia tu empresa con tecnología de gestión y consultoría de negocios para la transformación digital con inteligencia artificial' (descripción del sitio, 7-oct-2026). Partner Gold de Odoo con 92 referencias, proyecto más grande de 500+ usuarios, 91 % de retención; industrias: mayorista/minorista, construcción, manufactura (ficha de odoo.com).",+54 9 11 5141-1716 (ficha de odoo.com),https://ar.linkedin.com/company/axcelere,—,https://www.axcelere.com/contacto,"https://wa.me/message/YCAWZZM6FW5KN1 (botón 'Envía un WhatsApp' de /contacto, número no visible; 7-oct-2026)",—,canales4,axcelere
S13,216,Blueorange Group,Partner Gold de Odoo con localización argentina propia; WhatsApp Bot desde Odoo,Argentina,"San Martín (Buenos Aires), Carrillo 2133",https://www.blueorange.com.ar,contacto@blueorange.com.ar,atención,comercial (casilla general),https://www.blueorange.com.ar/contacto,"https://www.blueorange.com.ar/contacto (7-oct-2026); https://www.odoo.com/es/partners/blueorange-group-s-r-l-1635129?country_id=11 (ficha de partner en odoo.com, bajada el 7-oct-2026)",contacto@blueorange.com.ar,"contacto@blueorange.com.ar (atención, comercial, https://www.blueorange.com.ar/contacto); odoo@blueorange.com.ar (área, soporte, https://www.blueorange.com.ar/contacto)",,"Ya vende un bot de WhatsApp dentro de Odoo a pymes; el teléfono atendido por un agente, integrado al mismo ERP, es el paso siguiente.","'Partner Gold de Odoo · ISO 9001'; producto 'WhatsApp Bot: Atendé y notificá a tus clientes desde Odoo por WhatsApp' (home, 7-oct-2026). 134 referencias, 95 % de retención, 'los mayores desarrolladores de Odoo en Argentina y Uruguay' (ficha de odoo.com y erpresearch).",+54 9 11 7078-7090 (ficha de odoo.com),https://www.linkedin.com/company/blueorangegroupsrl,—,https://www.blueorange.com.ar/contacto,Comercial +54 9 11 3058-1769 (texto del pie); soporte https://wa.me/5491130015820 (botón 'Hablemos por WhatsApp'; 7-oct-2026),—,canales4,blueorange
S14,217,Axioma IT Solutions,Software factory y staff augmentation; partner de Odoo y Microsoft 365; soluciones de IA,Argentina,"CABA (Patagones 2665, Polo Tecnológico)",https://axiomait.com,axel.diaz@axiomait.com,persona,"Axel Díaz, contacto de la ficha de partner (cargo no publicado)",https://www.odoo.com/es/partners/axioma-it-solutions-s-r-l-5854088?country_id=11,"https://www.odoo.com/es/partners/axioma-it-solutions-s-r-l-5854088?country_id=11 (ficha de partner en odoo.com, bajada el 7-oct-2026)",contacto@axiomait.com,"axel.diaz@axiomait.com (persona, Axel Díaz, contacto de la ficha de partner, https://www.odoo.com/es/partners/axioma-it-solutions-s-r-l-5854088?country_id=11); contacto@axiomait.com (atención, casilla general, https://axiomait.com/contacto)",,"Vende IA, Odoo y desarrollo a medida a pymes; la voz telefónica se integra a esos ERP y a sus desarrollos.","'Soluciones IA: Potenciamos tu negocio con soluciones de inteligencia artificial que automatizan procesos y mejoran la toma de decisiones'; 'consultoría e implementación de las plataformas de Microsoft 365 y Odoo, de las cuales somos partners oficiales' (home, 7-oct-2026). Partner Silver de Odoo, 30 referencias, 97 % de retención (ficha de odoo.com).",+54 11 4978-4822 (sitio y ficha de odoo.com),https://ar.linkedin.com/company/axioma-it-solutions,—,https://axiomait.com/contacto,"+54 9 11 4978-4822: https://api.whatsapp.com/send/?phone=5491149784822 ('Hola! Quisiera más info sobre sus servicios'), botón del sitio (7-oct-2026)",https://www.instagram.com/axiomaitsolutions,canales4,axioma-it
S15,218,Hitofusion (Yügo SAS),"Partner Gold de Odoo; Jinzo, plataforma de agentes de IA integrada a Odoo",Argentina,"Florida, Vicente López (Las Heras 2550) y CABA (Pico 3340); oficina en Luján de Cuyo (Mendoza)",https://www.hitofusion.com,lucas@hitofusion.com,persona,"Lucas (apellido y cargo no publicados), contacto de la ficha de partner",https://www.odoo.com/es/partners/yugo-sas-24338942?country_id=11,"https://www.odoo.com/es/partners/yugo-sas-24338942?country_id=11 (ficha de partner en odoo.com, bajada el 7-oct-2026)",hola@hitofusion.com,"lucas@hitofusion.com (persona, Lucas, https://www.odoo.com/es/partners/yugo-sas-24338942?country_id=11); hola@hitofusion.com (atención, casilla general, https://www.hitofusion.com/)",,Ya vende agentes de IA dentro de Odoo (Jinzo) y la integración con WhatsApp; el teléfono es el canal que esos agentes no tienen.,"'JINZO + ODOO, IA empresarial: Agentes de inteligencia artificial conectados con tus procesos, permisos y datos reales'; 'Su integración nativa con Odoo permite que los agentes consulten información y ejecuten tareas dentro del ERP'; integraciones 'Odoo + WhatsApp/IG/FB' (home, 7-oct-2026). Partner Gold como Yügo SAS, 71 referencias, 96 % de retención (ficha de odoo.com).",+54 9 11 7100-6160 (ficha de odoo.com); administración +54 9 11 2174-9985 (sitio),https://www.linkedin.com/company/hitofusion,"— (una búsqueda web asocia a 'Lucas G. Burgos', https://ar.linkedin.com/in/lucasburgos, con Hitofusion; no verificado en el sitio)",https://www.hitofusion.com/ (formulario),"+54 9 11 7100-6160: https://wa.me/5491171006160 ('Buen día, me interesa el soporte'), botón 'Hablemos por whatsapp' (7-oct-2026)",https://www.instagram.com/hitofusion.odoo.arg,canales4,hitofusion
S16,219,MG Intelligence,"Partner de Odoo: ERP, automatización y consultoría tecnológica para empresas en crecimiento",Argentina,Lomas de San Isidro (Francisco Berra 3058),https://www.mgintelligence.com,gflores@mgintelligence.com,persona,contacto de la ficha de partner (nombre y cargo no publicados),https://www.odoo.com/es/partners/mg-intelligence-s-r-l-13441990?country_id=11,"https://www.odoo.com/es/partners/mg-intelligence-s-r-l-13441990?country_id=11 (ficha de partner en odoo.com, bajada el 7-oct-2026)",,"gflores@mgintelligence.com (persona, contacto de la ficha de partner, https://www.odoo.com/es/partners/mg-intelligence-s-r-l-13441990?country_id=11); comercial@mgintelligence.com (área, comercial, https://www.mgintelligence.com/)",,"Implementa ERP y automatización en medianas de distribución, manufactura y servicios públicos; el agente de voz es una automatización más conectada a Odoo.","'Socios tecnológicos de empresas en desarrollo que buscan escalar, automatizar y tomar decisiones basadas en datos reales'; 'Automatización: Reducimos tareas manuales, errores y tiempos operativos'; '+15 años' (home, 7-oct-2026). Partner de Odoo con 6 consultores certificados en la v19, proyecto más grande de 300+ usuarios, 100 % de retención (ficha de odoo.com). No menciona IA.",+54 11 6613-5566 (ficha de odoo.com),— (no enlazado en el sitio),—,https://www.mgintelligence.com/ (formulario 'Diagnóstico operativo'),"— (sin WhatsApp publicado: revisados home, contacto y nosotros del sitio, 7-oct-2026)",—,canales4,mg-intelligence
S17,220,Chroma Agency,Implementación de Odoo ERP y consultoría de negocios; desarrollo de chatbots con IA,Argentina,"CABA (Olavarría 1150, of. 563); también Medellín y Querétaro",https://chroma.agency,web@chroma.agency,atención,casilla general,https://chroma.agency/contact-us,https://chroma.agency/contact-us (7-oct-2026),web@chroma.agency,"web@chroma.agency (atención, casilla general, https://chroma.agency/contact-us); odoo@chroma.agency (área, Odoo, https://www.odoo.com/es/partners/chroma-agency-3377991?country_id=11)",,Ya vende chatbots con IA junto con Odoo; el canal de voz telefónica integrado al ERP completa su oferta.,"'Desarrollos: Página WEB | Chatbots con IA | Aplicaciones webs y nativas'; 'Implementamos Odoo ERP, revisamos tus procesos y te ayudamos a digitalizar tu empresa' (home, 7-oct-2026). Partner de Odoo con certificaciones v18 y v19, proyecto más grande de 100+ usuarios (ficha de odoo.com).",+54 11 7079-0150 (ficha de odoo.com),https://www.linkedin.com/company/chroma-agency-soft/,—,https://chroma.agency/contact-us,"— (sin WhatsApp publicado: revisados home, contacto y nosotros del sitio, 7-oct-2026)",https://www.instagram.com/chroma_agency_,canales4,chroma
S18,221,ITBS Business Solutions,Partner Silver de Odoo y canal oficial de Buenos Aires Software (BAS); evolución hacia la IA,Argentina,"CABA (Retiro, Distrito Quartier)",https://www.it-bs.com.ar,contacto@it-bs.com.ar,atención,casilla general (contacto comercial),https://www.it-bs.com.ar/contacto,"https://www.it-bs.com.ar/contacto (7-oct-2026); https://www.odoo.com/es/partners/itbs-business-solutions-523?country_id=11 (ficha de partner en odoo.com, bajada el 7-oct-2026)",contacto@it-bs.com.ar,"contacto@it-bs.com.ar (atención, casilla general, https://www.it-bs.com.ar/contacto); administracion@it-bs.com.ar (área, administración, https://www.it-bs.com.ar/contacto); soporte@it-bs.com.ar (área, soporte, https://www.it-bs.com.ar/contacto)","Fernando Bernain, fundador y director (JSON-LD del sitio; LinkedIn enlazado).",Implementador de ERP para pymes en crecimiento que suma IA a su catálogo; el agente de voz integrado a Odoo o BAS es un producto que puede revender.,"'Con más de 20 años de trayectoria implementando soluciones informáticas, nuestra evolución hacia la Inteligencia Artificial es el paso natural para multiplicar tus resultados'; 'implementa Odoo y BAS para empresas argentinas en proceso de escalar', 'soporte con SLA menor a 2 horas' (home, 7-oct-2026). Fundador y director: Lic. Fernando Bernain (datos estructurados del sitio).",+54 11 3985-0010 (ficha de odoo.com),https://www.linkedin.com/company/itbs-business-solutions,https://www.linkedin.com/in/fernandobernain/ (enlazado en el sitio),https://www.it-bs.com.ar/contacto,"+54 9 11 7547-3844: https://wa.me/5491175473844 ('Hola, me interesa conocer más sobre los servicios de ITBS'), botón del sitio (7-oct-2026)",—,canales4,itbs
S19,222,Sysmo,"Consultora de software a medida para empresas y gobiernos: automatizaciones e IA, chatbots, apps para municipios",Argentina,Buenos Aires (teléfono 11; el sitio no publica dirección),https://sysmo.com.ar,info@sysmo.com.ar,atención,casilla general,https://sysmo.com.ar/contact,https://sysmo.com.ar/contact (7-oct-2026),info@sysmo.com.ar,"info@sysmo.com.ar (atención, casilla general, https://sysmo.com.ar/contact)",,Ya vende chatbots con IA y software a municipios y empresas; el teléfono es el canal de atención ciudadana que no cubre.,"'Automatizaciones e Inteligencia Artificial: Optimizamos tus procesos con soluciones de automatización e inteligencia artificial'; 'Atención 24/7 con IA conversacional: Chatbots y asistentes virtuales que responden de forma natural e integrada a tu sistema'; proyecto 'Aplicación móvil para municipios' (home, 7-oct-2026). Una nota de LinkedIn la vincula con la gestión documental con IA del Municipio de Tigre (snippet de búsqueda, no verificado).",+54 9 11 6577-7390 (sitio),https://www.linkedin.com/company/sysmo,— (la página /team es una plantilla con nombres de relleno),https://sysmo.com.ar/contact,"— (sin WhatsApp publicado: revisados home, contacto y nosotros del sitio, 7-oct-2026)",https://x.com/sysmosrl,canales4,sysmo
S20,223,RockingData,"Consultora de IA, machine learning y datos; adopción de GenAI",Argentina,"CABA (Costa Rica 5546, Palermo)",https://rockingdata.ai,hello@rockingdata.com.ar,atención,casilla general,https://rockingdata.ai/contactanos,https://rockingdata.ai/contactanos (7-oct-2026),hello@rockingdata.com.ar,"hello@rockingdata.com.ar (atención, casilla general, https://rockingdata.ai/contactanos)","Fredi Vivas, CEO y fundador (prensa: innovaciondigital360.com; no enlazado en el sitio).","Consultora de IA con clientes en banca, seguros y salud, los rubros que más llaman; puede integrar la voz en sus proyectos.","'Creamos algoritmos de inteligencia artificial y machine learning para tu negocio'; servicio 'GenAI Strategic Adoption'; casos de segmentación de clientes y campañas personalizadas (home, 7-oct-2026). CEO y fundador Fredi Vivas; clientes en banca, seguros, salud, telecomunicaciones y retail (innovaciondigital360.com, entrevista).",—,https://www.linkedin.com/company/rockingdata/,—,https://rockingdata.ai/contactanos,"+54 11 3172-2737: https://api.whatsapp.com/send?phone=541131722737, botón del sitio (7-oct-2026)",https://www.instagram.com/rockingdata ; https://twitter.com/rockingdata,canales4,rockingdata
S21,224,Accedra,"Infraestructura IT, ciberseguridad, consultoría Microsoft y 'Software & AI' para empresas",Argentina,"CABA (Irala 1950, 2.º piso)",https://www.accedra.com.ar,info@accedra.com.ar,atención,casilla general,https://www.accedra.com.ar/,https://www.accedra.com.ar/ (7-oct-2026),info@accedra.com.ar,"info@accedra.com.ar (atención, casilla general, https://www.accedra.com.ar/)",,Integrador con 400 clientes empresa que ya vende IA aplicada y consultoría Microsoft; puede revender la voz como un servicio más.,"'Software & AI: Software a medida e inteligencia artificial aplicada a tus procesos'; Copilot; '17 años y +400 proyectos en Argentina'; 'Partner certificado y distribuidor autorizado de cada fabricante' (home, 7-oct-2026).",+54 11 5365-9887 (sitio),https://www.linkedin.com/company/accedra-s.a.,—,https://www.accedra.com.ar/ (formulario 'Contanos tu caso'),"+54 11 3300-1233: https://wa.me/541133001233 (mensaje prearmado 'Hola, soy [nombre] de [empresa]...'), botón 'Hablar por WhatsApp' (7-oct-2026)",https://www.instagram.com/accedra_sa,canales4,accedra
S22,225,BGlobal Solutions,"Premier Partner de Creatio (CRM y BPM no-code con agentes de IA); implementación de CRM, add-ons y servicios IT",Argentina,"Buenos Aires (el sitio dice 'Buenos Aires | Argentina'); también Montevideo, Madrid y Miami",https://bglobalsolutions.com,info@bglobalsolutions.com,atención,casilla general,https://bglobalsolutions.com/contacto,https://bglobalsolutions.com/contacto (7-oct-2026),info@bglobalsolutions.com,"info@bglobalsolutions.com (atención, casilla general, https://bglobalsolutions.com/contacto)",,Implementa CRM y BPM con agentes de IA en 200 clientes de la región; el agente telefónico conectado al CRM es lo que no tiene.,"'Crea aplicaciones y agentes de IA con diseñadores visuales y de lenguaje natural' (Creatio); 'En 2025 hemos sido distinguidos como Premier Partner, convirtiéndonos en los únicos en la región'; 'más de 200 clientes de diversas industrias' (home, 7-oct-2026).",—,https://www.linkedin.com/company/bglobal-solutions/,—,https://bglobalsolutions.com/contacto,"— (sin WhatsApp publicado: revisados home, contacto y nosotros del sitio, 7-oct-2026)",https://www.instagram.com/bglobalsolutions ; https://twitter.com/BglobalSolution,canales4,bglobal
S23,226,PositiveIT,"Integradora de CRM (Salesforce, SugarCRM, Zoho), marketing automation, agentes de IA y bots",Argentina,Morón (Cacique Coliqueo 1041); oficina en Santiago de Chile,https://www.positiveit.com.ar,info@positiveit.com.ar,atención,"casilla general (Cloudflare data-cfemail, decodificado)",https://www.positiveit.com.ar/,"https://www.positiveit.com.ar/ (7-oct-2026); https://cessi.org.ar/socio/positive-it/ (ficha de socio de CESSI, bajada el 5-oct-2026)",info@positiveit.com.ar,"info@positiveit.com.ar (atención, casilla general, https://www.positiveit.com.ar/)","Guillermo Hindi, CEO; Germán Perrone, CTO; Mirian Taboada, CDO (/nuestro-equipo, con botones de LinkedIn).",Ya vende agentes de IA y bots junto con CRM a pymes y organismos; la voz telefónica integrada al CRM es el canal que no ofrece.,"'Diseñamos e integramos soluciones de CRM, agentes de IA y automatización de procesos'; 'Agentic AI y Bots: Diseñamos agentes inteligentes y bots conversacionales'; tecnologías Salesforce, SugarCRM, Zoho, Botmaker, SALESmanago, Bird (home, 7-oct-2026). Equipo: Guillermo Hindi (CEO), Germán Perrone (CTO), Mirian Taboada (CDO) (/nuestro-equipo). Socia de CESSI.",—,https://www.linkedin.com/company/positive-information-technology,"— (botones de LinkedIn por persona en /nuestro-equipo, sin URL legible)",https://www.positiveit.com.ar/ (formulario 'Ponte en contacto'),"— (sin WhatsApp publicado: revisados home, contacto y nosotros del sitio, 7-oct-2026)",https://www.instagram.com/positiveit,canales4,positiveit
S24,227,Zennon BI,Partner de Microsoft Dynamics 365 y Power Platform; agentes de IA y copilots con Copilot Studio,Argentina,"CABA (Alicia Moreau de Justo 1150, Puerto Madero)",https://zennonbi.com,contacto@zennonbi.com,atención,casilla general,https://zennonbi.com/contacto,"https://zennonbi.com/contacto (7-oct-2026); https://cessi.org.ar/socio/zennon-bi/ (ficha de socio de CESSI, bajada el 5-oct-2026)",contacto@zennonbi.com,"contacto@zennonbi.com (atención, casilla general, https://zennonbi.com/contacto)",,"Ya vende agentes de IA para atención y soporte sobre Dynamics; el teléfono atendido por un agente, con número incluido, es lo que Copilot Studio no le da.","'IA & COPILOT, COPILOT STUDIO: Agentes de IA y copilots conectados a datos y procesos para atención, soporte y automatización, con experiencias conversacionales'; 'socios estratégicos de Microsoft Dynamics 365' (home y /nuestro-equipo, 7-oct-2026). Socia de CESSI (Dynamics 365, Power Platform, IA).",+54 11 5402-0593 (sitio),— (no enlazado en el sitio),—,https://zennonbi.com/contacto,"— (sin WhatsApp publicado: revisados home, contacto y nosotros del sitio, 7-oct-2026)",—,canales4,zennon
S25,228,GrowIT,"Transformación digital: CRM (SugarCRM), marketing automation, omnicanalidad y customer experience, con IA",Argentina,"Buenos Aires (el sitio dice 'Oficina: Buenos Aires, Argentina')",https://growit.com.ar,contacto@growit.com.ar,atención,casilla general,https://growit.com.ar/contacto,https://growit.com.ar/contacto (7-oct-2026),contacto@growit.com.ar,"contacto@growit.com.ar (atención, casilla general, https://growit.com.ar/contacto)",,"Integra CRM, automatización y omnicanalidad con IA en sus clientes; la voz telefónica es el canal que le falta a esa omnicanalidad.","'identificar las estrategias, medios, canales y tecnologías adecuadas ... utilizando IA donde resulte necesario'; soluciones 'CRM, Marketing Automation, Omnicanalidad' y 'Customer Experience (CX)'; partner de Sugar (home y /contacto, 7-oct-2026). Partner de Zoho según elioplus (no verificado: la página devuelve 403).",—,https://www.linkedin.com/company/growit/,—,https://growit.com.ar/contacto,"— (sin WhatsApp publicado: revisados home, contacto y nosotros del sitio, 7-oct-2026)",—,canales4,growit
S26,229,Quantit,"Desarrollo de IA a medida y ciencia de datos: PLN, chatbots, visión por computadora, GenAI",Argentina,"Buenos Aires (ciudad no publicada en el sitio; perfil de LinkedIn de la empresa en Buenos Aires, según snippet de búsqueda)",https://bequantit.com,somos@bequantit.com,atención,casilla general,https://bequantit.com/contactanos,https://bequantit.com/contactanos (7-oct-2026),somos@bequantit.com,"somos@bequantit.com (atención, casilla general, https://bequantit.com/contactanos)","Carla Felcher y Edgar Altszyler (LinkedIn enlazados en el sitio, sin cargo publicado).","Ya desarrolla chatbots e IA de lenguaje a medida para empresas; la voz por teléfono, con inferencia local, es el canal que no construye.","'Custom AI solutions'; 'Desarrollo de chatbots personalizados, motores de búsqueda basados en IA, análisis de opiniones de clientes, clasificación automática de documentos'; 'Chat GPT y otras herramientas de IA generativa' (home, 7-oct-2026). Socia de CESSI: 'Expertise en procesamiento de lenguaje natural, ... procesamiento de audio, Chatbots y Big Data'. Equipo con LinkedIn: Carla Felcher, Edgar Altszyler (PhD).",—,https://www.linkedin.com/company/quantitdata/,https://www.linkedin.com/in/carla-felcher-087326104/ ; https://www.linkedin.com/in/edgar-altszyler/ (enlazados en el sitio),https://bequantit.com/contactanos,"— (sin WhatsApp publicado: revisados home, contacto y nosotros del sitio, 7-oct-2026)",https://www.instagram.com/bequantit,canales4,quantit
S27,230,Silogik,"Aceleración de procesos de negocio (BPA), RPA, integración de sistemas, analítica y desarrollo web y mobile",Argentina,"Buenos Aires (ciudad no publicada en el sitio; elioplus la ubica en Av. Niceto Vega 4736, CABA, según snippet; la página devuelve 403)",https://www.silogik.com,info@silogik.com,atención,casilla general,https://www.silogik.com/contactanos,https://www.silogik.com/contactanos (7-oct-2026),info@silogik.com,"info@silogik.com (atención, casilla general, https://www.silogik.com/contactanos)",,Automatiza procesos con RPA e integra sistemas para sus clientes; las llamadas de atención y cobranza son el proceso que sigue.,"'Business Process Acceleration ... Robotic Process Automation ... Systems Integration'; 'Revolutionize your workflow with Business Process Automation (BPA)' (home, 7-oct-2026). Partner de Zoho según elioplus (no verificado).",—,https://www.linkedin.com/company/silogik/,—,https://www.silogik.com/contactanos,"— (sin WhatsApp publicado: revisados home, contacto y nosotros del sitio, 7-oct-2026)",https://twitter.com/Silogik,canales4,silogik
S28,231,Proda Software,"Partner de Zoho (Zoho One, CRM, Creator, Analytics); CRM B2B propio y plataforma no-code JRapid",Argentina,"Bernal, Quilmes (Chiclana 444)",https://www.prodasoftware.com,german@prodasoftware.com,persona,"Germán Gail, fundador (cargo en /nosotros; email en la ficha de CESSI)",https://cessi.org.ar/socio/proda-software/,"https://cessi.org.ar/socio/proda-software/ (ficha de socio de CESSI, bajada el 5-oct-2026)",,"german@prodasoftware.com (persona, Germán Gail, fundador, https://cessi.org.ar/socio/proda-software/)",,Implementa Zoho CRM en pymes de la región; el agente telefónico conectado al CRM es un producto para su cartera. Sin IA publicada.,"'Fundada en 2005 en Buenos Aires'; '20 años brindando soluciones a empresas de todo Latinoamérica'; equipo: Germán Gail, Founder, 'JEE Architect - Zoho Expert' (/nosotros, 7-oct-2026). Ficha de CESSI: 'diseñando soluciones en la nube con la Suite Zoho One, con foco en las apps CRM, Creator y Analytics'. No menciona IA.",+54 9 11 2395-3156 (sitio y ficha de CESSI),https://www.linkedin.com/company/proda-software/,https://www.linkedin.com/in/germangail/ (enlazado en /nosotros),https://www.prodasoftware.com/contacto,"— (sin WhatsApp publicado: revisados home, contacto y nosotros del sitio, 7-oct-2026)",—,canales4,proda
S29,232,Datcom Software,"Software para logística, trazabilidad y almacenaje (Dettron WMS) con IA y BI; industria 4.0",Argentina,"Mar del Plata (Olavarría 2838, piso 5)",https://www.datcom.io,info@datcom.io,atención,"casilla general (ficha de ATICMA, entrada Dettron WMS)",https://www.aticma.org.ar/nuestros-socios/,"https://www.aticma.org.ar/nuestros-socios/ (ficha de socio de ATICMA, Mar del Plata; bajada el 7-oct-2026)",info@datcom.io,"info@datcom.io (atención, casilla general, https://www.aticma.org.ar/nuestros-socios/); info@datcomsoftware.com (atención, casilla general, https://www.aticma.org.ar/nuestros-socios/); soporte@datcom.io (área, soporte, https://www.datcom.io/)",Gastón Paradiso (orador por Datcom en ATICMA IA Talks; cargo no publicado).,"Software vertical de logística con IA para operadores y distribuidoras, que confirman entregas y pedidos por teléfono; canal al rubro logístico.","Solución 'Inteligencia Artificial' en el menú de productos junto a control de stock, picking y planificación logística; ISO 9001 (sitio, 7-oct-2026). Gastón Paradiso expuso 'IA en logística (predicción y control en tiempo real)' en ATICMA IA Talks (luma.com/h97t703i). Socia de ATICMA: 'soluciones de software vinculado a procesos de logística, trazabilidad, almacenaje, comercialización, administración y business intelligence'.",+54 223 559-9009 (ficha de ATICMA),— (no enlazado en el sitio),—,https://www.datcom.io/ ('Solicitar Demo'),"— (sin WhatsApp publicado: revisados home, contacto y nosotros del sitio, 7-oct-2026)",—,canales4,datcom
S30,233,Potencia Technologies,"Productos SaaS nativos en IA para RRHH (SITA, selector de talentos) con WhatsApp Bot; CAIO on-demand",Argentina,Buenos Aires (el sitio dice 'Buenos Aires - Argentina'; teléfonos 11),https://www.potenciatech.ar,info@potenciatech.ar,atención,casilla general,https://www.potenciatech.ar/,https://www.potenciatech.ar/ (7-oct-2026),info@potenciatech.ar,"info@potenciatech.ar (atención, casilla general, https://www.potenciatech.ar/); soporte@potenciatech.ar (área, soporte, https://www.potenciatech.ar/)",,Ya vende IA y un bot de WhatsApp a áreas de RRHH y consultoras; llamar a candidatos y atender consultas por teléfono es el canal que no tiene. Vertical de RRHH: encaje por explorar.,"SITA, 'Selector Inteligente de Talentos Automatizada', con 'ingesta omnicanal (WhatsApp, portales web, carga masiva)', 'WhatsApp Bot' y servicio 'CAIO (Chief AI Officer) On-Demand'; clientes CONA Consultores, Tradefood, Comfort Health (sitio, leído el 7-oct-2026). Socia de CESSI: 'Desarrollos de productos SaaS nativos en IA y a medida para empresas'.",+54 9 11 6181-5415 ; +54 9 11 5723-9257 (sitio),— (el pie menciona LinkedIn sin URL legible),—,https://www.potenciatech.ar/ (formulario),"— (sin WhatsApp publicado: revisados home, contacto y nosotros del sitio, 7-oct-2026)",—,canales4,potencia-tech
S31,234,GiGa Global,"Partner Gold de Odoo; soluciones de IA, agentes y automatizaciones para empresas",Argentina,Córdoba capital,https://www.gigaglobal.com.ar,hola@gigaglobal.com.ar,atención,"casilla general (catálogo CCT, ficha de Odoo y home)",https://catalogo.cordobacluster.com/nuestros-socios,"https://catalogo.cordobacluster.com/nuestros-socios (catálogo de socios del Córdoba Technology Cluster, API pública cordobatechnology.space:8443/empresas, bajada el 7-oct-2026); https://www.odoo.com/partners/giga-global-2824185 (ficha de partner oficial de Odoo, vista el 7-oct-2026)",hola@gigaglobal.com.ar,"hola@gigaglobal.com.ar (atención, casilla general, https://catalogo.cordobacluster.com/nuestros-socios)",,Ya vende IA y agentes a sus clientes de Odoo; el teléfono es un canal que no construye y se integra al ERP.,"'Implementamos Odoo, desarrollamos soluciones de Inteligencia Artificial e integramos tecnología… Diseñamos soluciones de Inteligencia Artificial, agentes y automatizaciones' (home, 7-oct-2026). Partner Gold de Odoo con 43 referencias y 7 expertos certificados (ficha de Odoo). Fundada en 2012, 0-20 personas; clientes en Córdoba, Buenos Aires, Santa Fe, Neuquén y Chaco (catálogo CCT).",+54 9 351 612-7500 (ficha de Odoo; es el mismo número del WhatsApp del sitio),https://www.linkedin.com/company/giga-global,—,https://www.gigaglobal.com.ar/ (formulario de la home),+54 9 351 612-7500: https://wa.me/5493516127500 en la home (7-oct-2026),https://www.instagram.com/giga.global,canales4,giga-global
S32,235,Global Think Technology,"Consultora tecnológica AI-first: agentes de IA, automatización, outsourcing y producto propio",Argentina,Córdoba capital,https://globalthink.io,dghione@globalthinktec.com,persona,"Diego Néstor Ghione, CEO",https://catalogo.cordobacluster.com/nuestros-socios,"https://catalogo.cordobacluster.com/nuestros-socios (catálogo de socios del Córdoba Technology Cluster, API pública cordobatechnology.space:8443/empresas, bajada el 7-oct-2026)",,"dghione@globalthinktec.com (persona, Diego Néstor Ghione, CEO, https://catalogo.cordobacluster.com/nuestros-socios); fmorales@globalthinktec.com (persona, contacto de la ficha, https://catalogo.cordobacluster.com/nuestros-socios); talents@globalthink.io (área, talentos, https://globalthink.io/)",,Ya despliega agentes de IA para atención en aseguradoras y telcos; la voz telefónica es el canal que falta en esos agentes.,"'Tecnología e inteligencia artificial para transformar negocios. Agentes que piensan, deciden y ejecutan… Aseguradoras: aplicamos IA para agilizar la atención, coordinar prestadores, automatizar procesos'; 'Más de 20 años diseñando y construyendo tecnología. Hoy, AI First' (sitio, 7-oct-2026). Fundada en 2002, 21-50 personas; clientes Telecom, Telefónica, Vittal, SOS y Banco Guayaquil (catálogo CCT). El sitio devuelve 403 al user-agent con 'ClaudeBot' sin prohibirlo en robots.txt: se leyó con user-agent de navegador (dl/ua2_globalthink.io.html).",+54 351 522-5148 (catálogo CCT),"https://www.linkedin.com/company/globalthinktechnolology (así, con la errata, en el catálogo y en el sitio)",https://www.linkedin.com/in/diego-ghione-249259 (catálogo CCT),https://globalthink.io/ (formulario 'Hablemos'),"— (sin WhatsApp publicado: revisados el sitio (home, contacto, nosotros) y las fichas de la fuente, 7-oct-2026)",https://www.instagram.com/globalthinktechnology,canales4,global-think
S33,236,Mindfactory,GovTech: ingeniería de software para la modernización de organismos públicos y empresas,Argentina,Córdoba capital,https://www.mindfactory.ar,sebastian.sosa@mindfactory.ar,persona,"Sebastián Sosa, CEO",https://catalogo.cordobacluster.com/nuestros-socios,"https://catalogo.cordobacluster.com/nuestros-socios (catálogo de socios del Córdoba Technology Cluster, API pública cordobatechnology.space:8443/empresas, bajada el 7-oct-2026)",info@mindfactory.ar,"sebastian.sosa@mindfactory.ar (persona, Sebastián Sosa, CEO, https://catalogo.cordobacluster.com/nuestros-socios); martin.mendez@mindfactory.ar (persona, Martín Méndez, CEO, https://catalogo.cordobacluster.com/nuestros-socios); info@mindfactory.ar (atención, casilla general, https://www.mindfactory.ar/); rrhh@mindfactory.ar (área, RRHH, https://www.cancilleria.gob.ar/en/new-technologies/next-from-argentina-en/mindfactory)",,"Vende a gobiernos y empresas de salud y servicios públicos, que atienden y cobran por teléfono; es canal al segmento municipal del plan.","'Especializados en la modernización de organismos gubernamentales y empresas de alta complejidad… ISO 9001 y 27001'; clientes Ministerio de Finanzas y Catastro de Córdoba, EPEC, Facultad de Ciencias Médicas (UNC) (catálogo CCT). 'Nuestra experiencia: Gobierno, Salud, Servicios Públicos, Turismo' (sitio, 7-oct-2026). Tecnologías declaradas: IA, automatización, machine learning (ficha Next from Argentina). El catálogo dice 51-100 personas; la ficha, 10.","+54 9 351 651-2556 (catálogo CCT, Sebastián Sosa)",https://www.linkedin.com/company/mindfactoryarg,https://www.linkedin.com/in/sebastian-sosa-14947b3a/ (catálogo); https://www.linkedin.com/in/martin-mendez-b5941819/ (ficha),https://www.mindfactory.ar/ (formulario 'Contáctenos'),"— (sin WhatsApp publicado: revisados el sitio (home, contacto, nosotros) y las fichas de la fuente, 7-oct-2026)",https://www.instagram.com/mindfactory.ar,canales4,mindfactory
S34,237,Program Consultores (PGM),"Software de gestión para municipios, comunas y cooperativas de servicios públicos; gobierno electrónico",Argentina,Córdoba capital,https://www.municipalidad.com,agiraudo@municipalidad.com,persona,"Alberto Giraudo, CEO",https://catalogo.cordobacluster.com/nuestros-socios,"https://catalogo.cordobacluster.com/nuestros-socios (catálogo de socios del Córdoba Technology Cluster, API pública cordobatechnology.space:8443/empresas, bajada el 7-oct-2026)",info@municipalidad.com,"agiraudo@municipalidad.com (persona, Alberto Giraudo, CEO, https://catalogo.cordobacluster.com/nuestros-socios); info@municipalidad.com (atención, casilla general, https://www.municipalidad.com/); info@pgmtools.com (atención, casilla general de la ficha, https://catalogo.cordobacluster.com/nuestros-socios)",,"Es proveedor de software de municipios y cooperativas, dos segmentos del plan (tasas, reclamos, vencimientos por teléfono); canal, no cliente final.","'35 años de experiencia desarrollando tecnologías para el sector público'; plataforma eGov PGM y 'Mi Muni'; integraciones con Cobro Express, Banelco, cajas de jubilaciones, CIDI, ANSES (sitio, 7-oct-2026). 'Desde 1990 a la informatización integral… en Municipios, Comunas, Entes Regionales, Empresas y Cooperativas de Servicios Públicos'; 21-50 personas (catálogo CCT).",(0351) 447-4200 (sitio),https://www.linkedin.com/company/program-consultores-s-a/,—,https://www.municipalidad.com/ (formulario 'Solicitar información'),"— (sin WhatsApp publicado: revisados el sitio (home, contacto, nosotros) y las fichas de la fuente, 7-oct-2026)",—,canales4,program-consultores
S35,238,Emser,"Consultora tecnológica: automatización e IA aplicadas a logística, distribución, servicios públicos y ciudades digitales",Argentina,Córdoba capital,http://www.emser.net,Jburkle@emser.net,persona,"Jorge Burkle, Dirección General (email en el catálogo; nombre y cargo en la política de calidad del sitio)",https://catalogo.cordobacluster.com/nuestros-socios,"https://catalogo.cordobacluster.com/nuestros-socios (catálogo de socios del Córdoba Technology Cluster, API pública cordobatechnology.space:8443/empresas, bajada el 7-oct-2026); http://www.emser.net/ (política de calidad, 7-oct-2026)",info@emser.net,"Jburkle@emser.net (persona, Jorge Burkle, Dirección General, https://catalogo.cordobacluster.com/nuestros-socios); info@emser.net (atención, casilla general, http://www.emser.net/)",,"Consultora de 100+ personas que ya vende automatización e IA a distribuidoras y servicios públicos, rubros con mucho teléfono (reclamos, cobranza).","'Consultoría tecnológica especializada en desarrollos innovadores aplicados a logística, distribución, consumo masivo, agricultura, servicios públicos y ciudades digitales'; clientes Gasnea, Aysa, Ecogas, Syngenta, Corteva; fundada en 1993, 101-200 personas (catálogo CCT). El sitio menciona automatización (7 veces), inteligencia artificial (5) y machine learning (7-oct-2026). Su política de calidad, publicada en el sitio, está 'aprobada por Jorge Burkle / Dirección general'.",—,https://www.linkedin.com/company/emser/ (catálogo CCT),—,http://www.emser.net/ (formulario de contacto),"— (sin WhatsApp publicado: revisados el sitio (home, contacto, nosotros) y las fichas de la fuente, 7-oct-2026)",https://www.instagram.com/emser.software/ ; https://twitter.com/Emser_SA (catálogo CCT),canales4,emser
S36,239,DinoCloud,"AWS Premier Partner: migración, DevOps, datos e IA generativa en AWS",Argentina,Córdoba capital,https://dinocloud.co,info@dinocloud.co,atención,casilla general del sitio,https://dinocloud.co/contact-us/,https://dinocloud.co/contact-us/ (7-oct-2026),info@dinocloud.co,"info@dinocloud.co (atención, casilla general del sitio, https://dinocloud.co/contact-us/); info@dinocloudconsulting.com (atención, casilla general de la ficha, https://catalogo.cordobacluster.com/nuestros-socios)",,"Implementa IA generativa para clientes de banca, logística y salud; la voz telefónica con inferencia local es un componente que no tienen en AWS.","'Servicios de IA/ML, IA Generativa en AWS… Integra modelos avanzados de lenguaje y automatiza procesos'; 'AWS Premier Partner', '10 years leading the cloud journey' (sitio, 7-oct-2026). 201-300 personas, fundada en 2017; oficina Humberto 1° 630, Córdoba (catálogo CCT). Reserva de la tanda 1.",—,https://www.linkedin.com/company/dinocloud/ (sitio); https://www.linkedin.com/company/dinocloud-arg/ (catálogo),—,https://dinocloud.co/contact-us/,"— (sin WhatsApp publicado: revisados el sitio (home, contacto, nosotros) y las fichas de la fuente, 7-oct-2026)",https://www.instagram.com/dinocloud_ ; https://twitter.com/dinocloud_,canales4,dinocloud
S37,240,Vatrox,"Integración de plataformas y datos, DevOps y procesos apoyados por IA aplicada (banca, seguros, retail)",Argentina,Córdoba capital,https://vatrox.com,contacto@vatrox.com,atención,casilla general del sitio,https://vatrox.com/contacto,https://vatrox.com/contacto (7-oct-2026),contacto@vatrox.com,"contacto@vatrox.com (atención, casilla general del sitio, https://vatrox.com/contacto); info@vatrox.com (atención, casilla general de la ficha, https://catalogo.cordobacluster.com/nuestros-socios)",,Integrador con proyectos de IA en banca y seguros: puede sumar la voz telefónica como un canal más de esas integraciones.,"'Integramos legacy con arquitectura moderna sin detener el negocio… procesos de negocio apoyados por IA aplicada'; menciona MCP y '+10 años en integración empresarial' (sitio, 7-oct-2026). Fundada en 2014, 0-20 personas; proyectos 'Banca / Seguros (IA)', 'Banca Digital (Open Banking)', 'Consumo Masivo' (catálogo CCT).",—,https://www.linkedin.com/company/vatrox/ (catálogo CCT),—,https://vatrox.com/contacto ('Solicitar diagnóstico'),"— (sin WhatsApp publicado: revisados el sitio (home, contacto, nosotros) y las fichas de la fuente, 7-oct-2026)",—,canales4,vatrox
S38,241,Olpa Group,"Consultora AI-native: Odoo, automatización con n8n, agentes de IA y marketing para pymes",Argentina,Córdoba capital,https://olpagroup.com,info@olpagroup.com,atención,casilla general (sitio y ficha de Odoo),https://olpagroup.com/contacto,"https://olpagroup.com/contacto (7-oct-2026); https://www.odoo.com/partners/olpa-group-19510487 (ficha de partner oficial de Odoo, vista el 7-oct-2026)",info@olpagroup.com,"info@olpagroup.com (atención, casilla general, https://olpagroup.com/contacto)",,Agencia de automatización con n8n y agentes de IA para pymes: el agente de voz es un nodo más de sus flujos.,"'Consultora AI-native en Córdoba… Marketing + Odoo + IA en 27 PyMEs argentinas'; servicios 'Automatización, Agentes de IA, Asistentes inteligentes a medida, n8n' (sitio, 7-oct-2026). Partner de Odoo con 10 referencias (ficha de Odoo). Oficina en Gregorio Vélez 3472, Córdoba (sitio).",+54 9 351 753-2299 (sitio),https://www.linkedin.com/company/olpagroup,—,https://olpagroup.com/contacto,+54 9 351 753-2299: https://wa.me/5493517532299 en el sitio (7-oct-2026),https://www.instagram.com/olpagroup,canales4,olpa-group
S39,242,Castelsoft,Implementación de Odoo con IA ('implementación aumentada'); experiencia desde partners Gold,Argentina,Córdoba capital,https://castelsoft.com,info@castelsoft.com,atención,casilla general (sitio y ficha de Odoo),https://castelsoft.com/,"https://castelsoft.com/ (7-oct-2026); https://www.odoo.com/partners/castelsoft-33875346 (ficha de partner oficial de Odoo, vista el 7-oct-2026)",info@castelsoft.com,"info@castelsoft.com (atención, casilla general, https://castelsoft.com/)",,Implementador de Odoo que ya vende IA a sus clientes; el teléfono conectado al ERP es un módulo más.,"'Implementación aumentada para Odoo… Inteligencia Artificial para acelerar. Consultores expertos para decidir bien… Experiencia desde Partners Gold' (sitio, 7-oct-2026). Partner oficial de Odoo, Montevideo 78, Córdoba (ficha de Odoo).",+54 9 11 3877-0855 (sitio y ficha de Odoo),— (no publicado en el sitio ni en la ficha),—,https://castelsoft.com/ ('Conversemos sobre tu empresa'),"— (sin WhatsApp publicado: revisados el sitio (home, contacto, nosotros) y las fichas de la fuente, 7-oct-2026)",—,canales4,castelsoft
S40,243,Dynetis,"Consultoría en Odoo, integraciones (pagos, logística, BI) y datos",Argentina,Villa Carlos Paz (Córdoba),https://www.dynetis.com,pablo.molla@dynetis.com,persona,Pablo Molla (cargo no publicado; es el contacto de la ficha de Odoo y figura en el pie del sitio),https://www.odoo.com/partners/dynetis-6934713,"https://www.odoo.com/partners/dynetis-6934713 (ficha de partner oficial de Odoo, vista el 7-oct-2026); https://www.dynetis.com/ (7-oct-2026)",info@dynetis.com,"pablo.molla@dynetis.com (persona, Pablo Molla, https://www.odoo.com/partners/dynetis-6934713); cristian.salas@dynetis.com (persona, Cristian Salas, https://www.dynetis.com/); info@dynetis.com (atención, casilla general, https://www.dynetis.com/)",,Integrador de Odoo con foco en conectores: la voz telefónica es un conector más para sus clientes.,"'Odoo · Integraciones · Datos… Integraciones APIs & conectores: facturación, medios de pago, logística, BI y más' (sitio, 7-oct-2026). Partner de Odoo con 18 referencias; Leandro N. Alem 655, Villa Carlos Paz (ficha de Odoo). Aviso: el sitio no respondió al rastreo sin 'www.'.","+54 9 3576 46-2503 (sitio y ficha de Odoo); +54 9 3515 73-9439 (sitio, Cristian Salas)",— (no publicado),—,https://www.dynetis.com/ ('Contáctenos'),"— (sin WhatsApp publicado: revisados el sitio (home, contacto, nosotros) y las fichas de la fuente, 7-oct-2026)",—,canales4,dynetis
S41,244,Glowix / Neos Tech,Plataforma comercial B2B y partner de Microsoft Dynamics GP; automatización de procesos comerciales de distribuidoras,Argentina,Villa María (Córdoba),https://www.neos.com.ar,ggomezarrufat@neos.com.ar,persona,"Gustavo Gómez Arrufat, CEO",https://www.cancilleria.gob.ar/en/new-technologies/next-from-argentina-en/glowix,"https://www.cancilleria.gob.ar/en/new-technologies/next-from-argentina-en/glowix (ficha Next from Argentina, Cancillería; vista el 7-oct-2026)",,"ggomezarrufat@neos.com.ar (persona, Gustavo Gómez Arrufat, CEO, https://www.cancilleria.gob.ar/en/new-technologies/next-from-argentina-en/glowix); ventas@neos.com.ar (área, ventas, https://www.neos.com.ar/contacto)",,"Partner de Dynamics con clientes distribuidoras que venden y cobran por teléfono; es canal, aunque no venda IA todavía.","'Desarrollamos tecnología que integra y automatiza procesos comerciales… Especialistas en distribución'; Dynamics GP aparece 14 veces en el sitio (7-oct-2026). 15 personas, fundada en 2019, CEO Gustavo Gómez Arrufat (ficha Next from Argentina). Reserva de las tandas 1 y 2: poca IA.",—,https://www.linkedin.com/company/neos-tecnologia-sas (sitio); https://www.linkedin.com/company/glowix/ (ficha),https://www.linkedin.com/in/gustavo-g%C3%B3mez-arrufat/ (ficha),https://www.neos.com.ar/contacto,"— (sin WhatsApp publicado: revisados el sitio (home, contacto, nosotros) y las fichas de la fuente, 7-oct-2026)",https://www.instagram.com/neostecnologia,canales4,glowix-neos
S42,245,Psiware,"Desarrollo de software con IA, automatización y datos; sede en Rosario con oficinas en EE. UU. y Croacia",Argentina,Rosario (Santa Fe),https://www.psiware.com.ar,contact@psiware.com.ar,atención,casilla general (sede Rosario),https://www.psiware.com.ar/contacto,https://www.psiware.com.ar/contacto (7-oct-2026),contact@psiware.com.ar,"contact@psiware.com.ar (atención, casilla general, https://www.psiware.com.ar/contacto); north-america@psiware.com.ar (área, oficina de EE. UU., https://www.psiware.com.ar/contacto); europe@psiware.com.ar (área, oficina de Europa, https://www.psiware.com.ar/contacto)",,Software factory con práctica de IA y clientes corporativos; puede integrar la voz telefónica en sus proyectos.,"'Socios tecnológicos de tus proyectos de software'; inteligencia artificial (14 menciones), 'agentes inteligentes', automatización; 'desde 2003'; HQ y Delivery Center en Tucumán 1463, piso 11, Rosario; cliente Nestlé Purina Latam (sitio, 7-oct-2026). Socio del Polo Tecnológico Rosario.",+54 9 341 343-9451 (sitio),— (no publicado en el sitio),—,https://www.psiware.com.ar/contacto,"— (sin WhatsApp publicado: revisados el sitio (home, contacto, nosotros) y las fichas de la fuente, 7-oct-2026)",—,canales4,psiware
S43,246,Idear Tech,"Software para gobiernos y empresas (GovTech, FinTech) con low-code e IA",Argentina,Rosario (Santa Fe),https://ideartechcorp.com,negocios@ideartechcorp.com,área,negocios (contacto de la ficha: Héctor Rossetto),https://www.cancilleria.gob.ar/en/new-technologies/next-from-argentina-en/idear-tech,"https://www.cancilleria.gob.ar/en/new-technologies/next-from-argentina-en/idear-tech (ficha Next from Argentina, Cancillería; vista el 7-oct-2026)",contacto@ideartechcorp.com,"negocios@ideartechcorp.com (área, negocios, https://www.cancilleria.gob.ar/en/new-technologies/next-from-argentina-en/idear-tech); contacto@ideartechcorp.com (atención, casilla general, https://ideartechcorp.com/)","Héctor Rossetto (contacto de la ficha, cargo no publicado).","Vende a gobiernos y financieras, dos segmentos del plan; ya usa IA en sus desarrollos.","'Soluciones a medida que transforman la gestión de gobiernos y empresas… apoyadas en tecnologías low-code e Inteligencia Artificial'; 28 personas, fundada en 2020 (ficha Next from Argentina). 'Más de 30 clientes, equipos en 3 países, más de 100 proyectos'; Bulevar Oroño 1580, Rosario (sitio, 7-oct-2026). Aviso: el sitio conserva texto de plantilla (TemplateMo, lorem ipsum) en la home. Reserva de la tanda 2.",(54) 341 665-6506 (sitio),https://www.linkedin.com/company/idear-tech/,https://www.linkedin.com/in/hrossetto/ (ficha),https://ideartechcorp.com/ (formulario de la home),+54 9 341 665-6506: api.whatsapp.com/send/?phone=+5493416656506 en la home (7-oct-2026),https://www.instagram.com/ideartech ; https://x.com/IdearTech,canales4,idear-tech
S44,247,Inteligencia Analítica,Consultora de Business Intelligence y Data Analytics,Argentina,Rosario (Santa Fe),https://www.inteligenciaanalitica.com,contacto@inteligenciaanalitica.com,atención,casilla general,https://www.inteligenciaanalitica.com/,https://www.inteligenciaanalitica.com/ (7-oct-2026),contacto@inteligenciaanalitica.com,"contacto@inteligenciaanalitica.com (atención, casilla general, https://www.inteligenciaanalitica.com/)",,Consultora de datos con clientes de varias industrias; la voz telefónica es un canal de captura y salida de datos para esos mismos clientes.,"'Soluciones de inteligencia de negocios… más de 10 años de experiencia… BI & Data Analytics' (sitio, 7-oct-2026). Socio del Polo Tecnológico Rosario, categoría Data Analytics. Aviso: BI, poca IA en el sitio.",—,https://www.linkedin.com/company/inteligencia-analitica/,—,https://www.inteligenciaanalitica.com/ (formulario 'Contactanos'),"— (sin WhatsApp publicado: revisados el sitio (home, contacto, nosotros) y las fichas de la fuente, 7-oct-2026)",https://www.instagram.com/inteligencia.analitica,canales4,inteligencia-analitica
S45,248,Grupo Aicon,"ERP especializado por rubro (sindicatos, obras sociales, mutuales, financieras, mayoristas, droguerías) con IA",Argentina,Rosario y Armstrong (Santa Fe),https://grupoaicon.com.ar,administracion@grupoaicon.com.ar,atención,casilla general ('Escribinos… te respondemos el mismo día'),https://grupoaicon.com.ar/,https://grupoaicon.com.ar/ (7-oct-2026),administracion@grupoaicon.com.ar,"administracion@grupoaicon.com.ar (atención, casilla general, https://grupoaicon.com.ar/)",,"Software vertical de mutuales, sindicatos y financieras, segmentos del plan (cobranza de cuotas, atención de afiliados): canal a 200 clientes.","'ERP especializado por rubro… sindicatos, mutuales, financieras, droguerías… +20 años, +200 clientes, +500 implementaciones, ISO 9001'; menciona inteligencia artificial y Power BI; fundada en 2005 en Rosario, oficinas en Donado 239 (Fisherton) y Armstrong (sitio, 7-oct-2026). Socio del Polo Tecnológico Rosario. Aviso: los testimonios del sitio figuran como '[Pendiente — Cliente Sindicato]'.",+54 341 451-0595 / 451-7721 (sitio),https://www.linkedin.com/company/grupoaiconsrl,—,https://grupoaicon.com.ar/ ('Pedir una demo'),+54 9 341 690-6680: https://wa.me/5493416906680 en la home (7-oct-2026),https://www.instagram.com/grupo_aiconsrl,canales4,grupo-aicon
S46,249,Alchemid,"Partner Silver de Odoo: automatización, e-commerce y desarrollos a medida para distribuidoras y mayoristas",Argentina,Rafaela (Santa Fe),https://www.alchemid.com,contacto@alchemid.com,atención,casilla general de la ficha de Odoo (el sitio solo publica WhatsApp),https://www.odoo.com/partners/alchemid-14900590,"https://www.odoo.com/partners/alchemid-14900590 (ficha de partner oficial de Odoo, vista el 7-oct-2026)",contacto@alchemid.com,"contacto@alchemid.com (atención, casilla general de la ficha de Odoo, https://www.odoo.com/partners/alchemid-14900590)",,Implementador de Odoo con 50 pymes del interior que venden y cobran por teléfono; el agente se integra al ERP.,"'Odoo, automatización, e-commerce y desarrollos a medida para distribuidoras, mayoristas y empresas en crecimiento. Más de 50 empresas del interior del país ya trabajan con Alchemid'; 'Implementamos con vos, no para vos' (sitio, 7-oct-2026). Partner Silver con 52 referencias; Jorge Newbery 405, Rafaela (ficha de Odoo). El sitio no publica email, solo WhatsApp.",+54 9 3492 21-9294 (ficha de Odoo; mismo número del WhatsApp),— (no publicado),—,https://www.alchemid.com/contacto,+54 9 3492 21-9294: https://wa.me/5493492219294 en la home (7-oct-2026),https://www.instagram.com/alchemid.servicios,canales4,alchemid
S47,250,M3C Software,ERP de gestión integral para pymes con programa de partners (#M3Cpartner),Argentina,Rosario (Santa Fe),https://m3csoftware.com,comercial@m3csoftware.com.ar,área,comercial (contacto de la ficha: Ariel Pablo Pistarino),https://www.cancilleria.gob.ar/en/new-technologies/next-from-argentina-en/m3c,"https://www.cancilleria.gob.ar/en/new-technologies/next-from-argentina-en/m3c (ficha Next from Argentina, Cancillería; vista el 7-oct-2026)",comercial@m3csoftware.com.ar,"comercial@m3csoftware.com.ar (área, comercial, https://www.cancilleria.gob.ar/en/new-technologies/next-from-argentina-en/m3c)",Ariel Pablo Pistarino (contacto de la ficha); Santiago Conti (LinkedIn enlazado en la ficha).,ERP con programa de partners y clientes pymes de retail y mayoristas; el agente de voz es un módulo revendible.,"'Convertite en #M3Cpartner y aumentá tus ganancias recomendando nuestro sistema de gestión… Tenemos un tipo de partner para cada socio' (sitio, 7-oct-2026). ERP que 'automatiza tareas… integración con e-commerce'; tecnologías declaradas: IA, big data; 10 personas, fundada en 2013, contacto Ariel Pablo Pistarino (ficha Next from Argentina). Reserva de la tanda 2. El sitio no publica emails.",—,https://www.linkedin.com/company/m3c-software/ (ficha),https://www.linkedin.com/in/ariel-pistarino-161a9514b/ (ficha),https://m3csoftware.com/ (formulario de contacto),"— (sin WhatsApp publicado: revisados el sitio (home, contacto, nosotros) y las fichas de la fuente, 7-oct-2026)",—,canales4,m3c
S48,251,ERPYCA,"Partner oficial de Odoo con conectores propios (pagos, logística, control horario)",Argentina,Rosario (Santa Fe),https://erpyca.com,gaspar@erpyca.com,persona,Gaspar (apellido y cargo no publicados; contacto de la ficha de Odoo),https://www.odoo.com/partners/erpyca-25919791,"https://www.odoo.com/partners/erpyca-25919791 (ficha de partner oficial de Odoo, vista el 7-oct-2026)",hola@erpyca.com,"gaspar@erpyca.com (persona, Gaspar, https://www.odoo.com/partners/erpyca-25919791); hola@erpyca.com (atención, casilla general, https://erpyca.com/)",,Partner de Odoo que vende conectores: el agente de voz es otro conector para sus clientes.,"'Partner oficial de Odoo · Rosario'; conectores propios para pagos con tarjeta, OCA y Hikvision; 'Equipo activo · respondiendo ahora Rosario' (sitio, 7-oct-2026). 'Partner de Odoo joven, técnico y pragmático', 14 referencias (ficha de Odoo). El sitio devuelve 403 al user-agent con 'ClaudeBot' sin prohibirlo en robots.txt: se leyó con user-agent de navegador (dl/ua2_erpyca.com__*.html).",+54 341 318-8105 (ficha de Odoo),— (no publicado),—,https://erpyca.com/ ('Agendar reunión'),+54 9 341 563-4579: https://wa.me/5493415634579 en el sitio (7-oct-2026),—,canales4,erpyca
S49,252,devFactory,ERP SaaS con asistente de IA para pymes; programa de partners y referidos,Argentina,Luján de Cuyo (Mendoza),https://devfactory.ar,contact@devfactory.ar,atención,casilla general (sitio y ficha),https://devfactory.ar/,"https://devfactory.ar/ (7-oct-2026); https://www.cancilleria.gob.ar/en/new-technologies/next-from-argentina-en/devfactory (ficha Next from Argentina, Cancillería; vista el 7-oct-2026)",contact@devfactory.ar,"contact@devfactory.ar (atención, casilla general, https://devfactory.ar/)","Matías Armani, CEO (ficha).",ERP con IA y programa de partners para pymes: el agente de voz es un módulo que pueden ofrecer; muy chica (5 personas).,"'Plataforma impulsada por IA para PyMEs… +2000 usuarios, +50 PyMEs en vivo'; página 'Programa de Referidos · devFactory Partners' (sitio, 7-oct-2026). 'Su asistente de IA registra asientos, proyecta el flujo de caja'; 5 personas, fundada en 2025, CEO Matías Armani (ficha Next from Argentina). Reserva de las tandas 1 y 2.","+54 261 525-0354 (sitio, link tel:)",https://www.linkedin.com/company/devfactory-official/ (ficha),https://www.linkedin.com/in/matiasarmani/ (ficha),https://devfactory.ar/ ('Solicitar propuesta'),+54 261 525-0354: https://wa.me/542615250354 en la home (7-oct-2026),https://instagram.com/devFactory_,canales4,devfactory
S50,253,Solutions Hub / AGP & ROD Servicios,"Consultoría SAP (S/4HANA, SuccessFactors, BTP)",Argentina,Mendoza capital,https://solutionshub.com.ar,rodrigo.lopez@solutionshub.com.ar,persona,"Rodrigo López (contacto de la ficha, cargo no publicado)",https://www.cancilleria.gob.ar/en/new-technologies/next-from-argentina-en/agp-rod-servicios,"https://www.cancilleria.gob.ar/en/new-technologies/next-from-argentina-en/agp-rod-servicios (ficha Next from Argentina, Cancillería; vista el 7-oct-2026)",info@agprodservicios.com,"rodrigo.lopez@solutionshub.com.ar (persona, Rodrigo López, https://www.cancilleria.gob.ar/en/new-technologies/next-from-argentina-en/agp-rod-servicios); info@agprodservicios.com (atención, casilla general, https://solutionshub.com.ar/)",,"Partner de SAP (BTP) para empresas de energía, minería y banca; es canal, con integración al ERP.","'Con SAP Business Technology Platform (BTP) ofrecemos soluciones personalizadas… +8 años de experiencia, +14 proyectos' (sitio, 7-oct-2026). 'Soporte y mantenimiento de SAP en SuccessFactors, S4HANA y BTP'; tecnologías declaradas incluyen IA; 8 personas, fundada en 2024, contacto Rodrigo López (ficha Next from Argentina). Reserva de la tanda 2: SAP, poca IA.",—,https://www.linkedin.com/company/agp-rod-servicios/,https://www.linkedin.com/in/rodrigolopez/ (ficha),https://solutionshub.com.ar/ (formulario de contacto),+54 9 261 501-8054: https://wa.me/5492615018054 en la home (7-oct-2026),https://www.instagram.com/agp.rod,canales4,solutions-hub
S51,254,Alpardata,"Partner Silver de Odoo: implementación, módulos propios y automatizaciones",Argentina,Guaymallén (Mendoza),https://www.alpardata.com.ar,joaquin@alpardata.com.ar,persona,Joaquín (apellido y cargo no publicados; pie del sitio y contacto de la ficha de Odoo),https://www.alpardata.com.ar/,"https://www.alpardata.com.ar/ (7-oct-2026); https://www.odoo.com/partners/alpardata-10782602 (ficha de partner oficial de Odoo, vista el 7-oct-2026)",,"joaquin@alpardata.com.ar (persona, Joaquín, https://www.alpardata.com.ar/)",,Implementador de Odoo con 35 pymes mendocinas; el agente de voz se integra al ERP que ya administran.,"'Partner Silver de Odoo… Más de 35 empresas de Mendoza y de todo el país, en ocho sectores… Módulos propios, reportes y automatizaciones' (sitio, 7-oct-2026). 52 referencias; La Barraca Mall, Las Cañas 1833, Guaymallén (ficha de Odoo).",+54 9 261 685-3970 (sitio y ficha de Odoo),https://www.linkedin.com/company/alpardata/,—,https://www.alpardata.com.ar/ ('Agendá una reunión'),+54 9 261 685-3970: https://wa.me/+5492616853970 en la home (7-oct-2026),https://www.instagram.com/alpardata,canales4,alpardata
S52,255,Hexium Software Factory,Software factory y partner oficial de Odoo; producto LIRA (historia clínica oncológica),Argentina,Godoy Cruz (Mendoza),https://hexium.com.ar,info@hexium.com.ar,atención,casilla general (sitio y ficha de Odoo),https://hexium.com.ar/contact-us,"https://hexium.com.ar/contact-us (7-oct-2026); https://www.odoo.com/partners/hexium-software-17098796 (ficha de partner oficial de Odoo, vista el 7-oct-2026)",info@hexium.com.ar,"info@hexium.com.ar (atención, casilla general, https://hexium.com.ar/contact-us); info@hexium.com (atención, casilla general alternativa, https://hexium.com.ar/)",,"Partner de Odoo con producto de salud (clínicas, turnos): canal a dos segmentos del plan.","'Software Factory & Partner Oficial Odoo en Argentina… LIRA - Historia clínica oncológica'; 'surgió a fines de 2018 en una reunión en un café del centro de Mendoza' (sitio, 7-oct-2026). 24 referencias; Almirante Brown 1096, Godoy Cruz (ficha de Odoo). Aviso: sin IA en el sitio.",+54 9 261 248-6994 (ficha de Odoo; mismo número del WhatsApp),— (no publicado),—,https://hexium.com.ar/contact-us,+54 9 261 248-6994: https://wa.me/5492612486994 en el sitio (7-oct-2026),—,canales4,hexium
S53,256,Corpora,"IA generativa accesible y automatización no-code para pymes, con mentoría",Argentina,Maipú (Mendoza),https://www.somoscorpora.com,gerencia@somoscorpora.com,área,gerencia (contacto de la ficha: Ariadna Luján Martínez),https://www.cancilleria.gob.ar/en/new-technologies/next-from-argentina-en/corpora,"https://www.cancilleria.gob.ar/en/new-technologies/next-from-argentina-en/corpora (ficha Next from Argentina, Cancillería; vista el 7-oct-2026)",gerencia@somoscorpora.com,"gerencia@somoscorpora.com (área, gerencia, https://www.cancilleria.gob.ar/en/new-technologies/next-from-argentina-en/corpora)","Ariadna Luján Martínez, fundadora (ficha); Sol Pino (LinkedIn enlazado en la ficha).","Agencia de automatización con IA para pymes de gastronomía, retail y logística; el agente de voz es una automatización más que puede revender.","'IA generativa accesible y automatización no-code, acompañando a las empresas con mentoría continua… integra datos en tableros, optimiza procesos internos'; 8 personas, fundada en 2024, fundadora Ariadna Luján Martínez (ficha Next from Argentina). Reserva de las tandas 1 y 2. Aviso: el sitio no tiene contenido legible (2,8 KB, aplicación de página única; 403 al bot).",—,https://ar.linkedin.com/company/somoscorpora (ficha),https://ar.linkedin.com/in/ariadna-lujan-martinez-7a01731ab (ficha),https://www.somoscorpora.com (sin formulario legible),"— (sitio sin contenido legible; la ficha de Cancillería no publica WhatsApp, 7-oct-2026)",—,canales4,corpora
S54,257,GoodComex (Full Comex SAS),"Partner Silver de Odoo: consultoría, implementación y soporte",Argentina,Mendoza (sitio; la ficha de Odoo da una oficina en Córdoba),https://goodcomex.com,marcelo.vazquez@goodcomex.com,persona,"Marcelo Vázquez (contacto de la ficha de Odoo, cargo no publicado)",https://www.odoo.com/partners/goodcomex-sas-1656197,"https://www.odoo.com/partners/goodcomex-sas-1656197 (ficha de partner oficial de Odoo, vista el 7-oct-2026)",hola@goodcomex.com,"marcelo.vazquez@goodcomex.com (persona, Marcelo Vázquez, https://www.odoo.com/partners/goodcomex-sas-1656197); hola@goodcomex.com (atención, casilla general, https://goodcomex.com/)",,Implementador de Odoo con 35 clientes; el agente de voz se integra al ERP.,"'Implementación de Odoo en Argentina… Full Comex SAS - Mendoza' (sitio, 7-oct-2026). Partner Silver con 35 referencias; dirección Avenida Patria 560, Córdoba y teléfono de Mendoza (ficha de Odoo). El sitio devuelve 403 al user-agent con 'ClaudeBot' sin prohibirlo en robots.txt: se leyó la home con user-agent de navegador (dl/ua2_goodcomex.com__home.html); las subpáginas dieron 503.",+54 9 261 415-8198 (sitio y ficha de Odoo),— (no publicado),—,https://goodcomex.com/ ('Agendá una reunión'),"— (sin WhatsApp publicado: revisados el sitio (home, contacto, nosotros) y las fichas de la fuente, 7-oct-2026)",—,canales4,goodcomex
S55,258,Solution IT (SIT),"Desarrollo de software e IA (GPT, LLM) para empresas de Neuquén; socio del cluster Infotech",Argentina,Neuquén capital,https://www.solution-it.com.ar,info@solution-it.com.ar,atención,casilla general,https://www.solution-it.com.ar/contacto,https://www.solution-it.com.ar/contacto (7-oct-2026),info@solution-it.com.ar,"info@solution-it.com.ar (atención, casilla general, https://www.solution-it.com.ar/contacto)","Luis y Daniel, co-CEOs (solo nombre de pila en el sitio).",Desarrolladora de IA de Neuquén con clientes de energía y comercio; puede sumar la voz telefónica.,"'Solution IT SIT IA desarrollo de software'; inteligencia artificial (30 menciones), GPT (9), LLM (3); dirección Ministro Amancio Alcorta 30, Neuquén; equipo con 'Luis, CO-CEO' y 'Daniel, CO-CEO' (solo nombres de pila) (sitio, 7-oct-2026). Figura en el listado de socios de Infotech Patagonia.",+54 9 2994 13-2208 (sitio),https://www.linkedin.com/company/solutionit,—,https://www.solution-it.com.ar/contacto,"— (sin WhatsApp publicado: revisados el sitio (home, contacto, nosotros) y las fichas de la fuente, 7-oct-2026)",https://www.instagram.com/solutionit_nqn,canales4,solution-it
S56,259,PuntoGap,Software a medida y consultoría de IA para Oil & Gas y retail; socio fundador de Infotech,Argentina,Neuquén capital,https://www.puntogap.com,info@puntogap.com,atención,casilla general,https://www.puntogap.com/,https://www.puntogap.com/ (7-oct-2026),info@puntogap.com,"info@puntogap.com (atención, casilla general, https://www.puntogap.com/)",,"Consultora de IA con clientes de energía y retail en Neuquén, provincia sin contactos hasta ahora.","'Consultoría AI… Prueba nuestra IA… Asesoramiento, consultoría y desarrollos de soluciones basadas en IA' para 'Oil & Gas y Retail'; 'socios fundadores del Clúster Infotech Patagonia, Proveedor Neuquino Certificado'; desde 2005; Sargento Cabral 963, Neuquén (sitio, 7-oct-2026).",+54 9 299 621-9528 (sitio),— (no publicado en el sitio),—,https://www.puntogap.com/ (formulario de contacto),"— (sin WhatsApp publicado: revisados el sitio (home, contacto, nosotros) y las fichas de la fuente, 7-oct-2026)",—,canales4,puntogap
S57,260,Pragmática Consultores,Partner de SAP Business One para Oil & Gas y minería,Argentina,Neuquén capital,https://www.pragmaticaconsultores.com,info@pragmaticaconsultores.com,atención,casilla general,https://www.pragmaticaconsultores.com/contacto,https://www.pragmaticaconsultores.com/contacto (7-oct-2026),info@pragmaticaconsultores.com,"info@pragmaticaconsultores.com (atención, casilla general, https://www.pragmaticaconsultores.com/contacto); asesoramiento_sap@pragmaticaconsultores.com (área, comercial, https://www.pragmaticaconsultores.com/contacto); administracion@pragmaticaconsultores.com (área, administración, https://www.pragmaticaconsultores.com/contacto)","Cecilia Casanova, Socia Gerente; Benjamín Moll, Gerente UN Oil & Gas; Luciano Busso, Gerente Coordinación Operativa (sitio, /nosotros, con LinkedIn enlazado).",Partner de SAP Business One con 40 clientes industriales; es canal con integración al ERP.,"'SAP Business One para Oil & Gas y Minería… 40+ clientes SAP Business One, 9 provincias… desde 2001 en Neuquén'; equipo publicado con cargos y LinkedIn: Cecilia Casanova (Socia Gerente), Benjamín Moll (Gerente Unidad de Negocio Oil & Gas), Luciano Busso (Gerente Coordinación Operativa); oficina central Ing. Silvio Tosello 1531 (sitio, 7-oct-2026). Menciona inteligencia artificial dos veces. Socio de Infotech Patagonia.",+54 299 546-1483 (sitio),https://www.linkedin.com/company/pragmatica-consultores/,"https://www.linkedin.com/in/benjamin-moll-796a6917/ (sitio, /nosotros)",https://www.pragmaticaconsultores.com/contacto,+54 299 546-1483: https://wa.me/542995461483 en el sitio (7-oct-2026),—,canales4,pragmatica
S58,261,DITyC,Consultora de tecnología: software a medida y partner de Odoo y Finnegans,Argentina,Neuquén capital,https://www.dityc.com.ar,info@dityc.com.ar,atención,casilla general (sitio y ficha de Odoo),https://www.dityc.com.ar/contact,"https://www.dityc.com.ar/contact (7-oct-2026); https://www.odoo.com/partners/dityc-srl-14057248 (ficha de partner oficial de Odoo, vista el 7-oct-2026)",info@dityc.com.ar,"info@dityc.com.ar (atención, casilla general, https://www.dityc.com.ar/contact)",,Partner de Odoo y Finnegans en Neuquén; el agente de voz se integra a los ERP que implementa.,"'Consultora de desarrollos informáticos con más de 15 años de experiencia… Plataforma Odoo, plataforma Finnegans'; 'Habla con un asesor' por WhatsApp (sitio, 7-oct-2026). Partner de Odoo con 14 referencias; Dr. Luis Federico Leloir 261, Neuquén (ficha de Odoo). Socio de Infotech Patagonia.",+54 9 299 633-2007 (sitio),https://www.linkedin.com/company/DITyC,—,https://www.dityc.com.ar/contact,+54 9 299 633-2007: api.whatsapp.com/send?phone=5492996332007 en la home (7-oct-2026),https://www.instagram.com/DITyCsoftware ; https://www.x.com/DITyC,canales4,dityc
S59,262,Patagonian,"Software factory con práctica de IA agéntica; sede en General Roca y oficinas en Neuquén, Mendoza, Colombia y Austin",Argentina,General Roca (Río Negro),https://patagonian.com,info@patagonian.com,atención,casilla general,https://patagonian.com/contact,"https://patagonian.com/contact (7-oct-2026, leído con user-agent de navegador)",info@patagonian.com,"info@patagonian.com (atención, casilla general, https://patagonian.com/contact); jobs@patagonian.com (área, empleos, https://patagonian.com/contact)","Pedro Mones, CEO; Rodrigo Falcó, CTO; Eugenio Díaz Lis, CBO (sitio, /about).",Software factory grande del Alto Valle que ya vende agentes de IA; puede integrar la voz telefónica en sus proyectos.,"'Headquarters: Isidro Lobo 472, General Roca, Río Negro'; línea de tiempo 2013 fundación, 2016 oficina Neuquén, 2021 Mendoza, 2024 Austin; directorio: Pedro Mones (CEO), Rodrigo Falcó (CTO), Eugenio Díaz Lis (CBO); notas 'IA agéntica en oil & gas' y 'Agente IA Monitoreo activo' (1-oct-2026) (sitio, 7-oct-2026). Clutch la lista entre las empresas de IA de Argentina con sede en General Roca. El sitio devuelve 403 al user-agent con 'ClaudeBot' sin prohibirlo en robots.txt: se leyó con user-agent de navegador (dl/ua2_patagonian.com__*.html).",—,https://www.linkedin.com/company/patagonian/,"https://www.linkedin.com/in/pedromonescazon/ (CEO, enlazado en /about); https://www.linkedin.com/in/rodrigofalco/ (CTO)",https://patagonian.com/contact,"— (sin WhatsApp publicado: revisados el sitio (home, contacto, nosotros) y las fichas de la fuente, 7-oct-2026)",https://www.instagram.com/patagoniantech,canales4,patagonian
S60,263,Waiki Consultores en Sistemas,"Implementación de Odoo con módulos propios (sueldos argentinos, tableros, suscripciones)",Argentina,Cipolletti (Río Negro),https://waiki.com.ar,info@waiki.com.ar,atención,casilla general (sitio y ficha de Odoo),https://waiki.com.ar/,"https://waiki.com.ar/ (7-oct-2026); https://www.odoo.com/partners/waiki-consultores-en-sistemas-13247044 (ficha de partner oficial de Odoo, vista el 7-oct-2026)",info@waiki.com.ar,"info@waiki.com.ar (atención, casilla general, https://waiki.com.ar/)",,Implementador de Odoo con 70 empresas del Alto Valle; el agente de voz se integra al ERP que ya administran.,"'Odoo, y todo lo que Odoo no trae de fábrica… +70 empresas trabajando con nosotros, +30 soluciones'; automatización y tableros de BI (sitio, 7-oct-2026). Partner de Odoo con 8 referencias; 25 de Mayo 71, Cipolletti (ficha de Odoo).",+54 9 299 502-1110 (sitio),— (no publicado),—,https://waiki.com.ar/ ('Contáctanos'),"— (sin WhatsApp publicado: revisados el sitio (home, contacto, nosotros) y las fichas de la fuente, 7-oct-2026)",—,canales4,waiki
S61,264,Ingenio Solutions,"Partner Silver de Odoo para fábricas de alimentos, distribuidoras y minería",Argentina,Chajarí (Entre Ríos),https://ingeniosolutions.com.ar,contacto@ingeniosolutions.com.ar,atención,"casilla general (Cloudflare data-cfemail en el sitio, decodificado; también en la ficha de Odoo)",https://ingeniosolutions.com.ar/,"https://ingeniosolutions.com.ar/ (7-oct-2026); https://www.odoo.com/partners/ingenio-solutions-13761187 (ficha de partner oficial de Odoo, vista el 7-oct-2026)",contacto@ingeniosolutions.com.ar,"contacto@ingeniosolutions.com.ar (atención, casilla general, https://ingeniosolutions.com.ar/)",,"Partner de Odoo con clientes industriales y concesionarias en Entre Ríos, provincia con un solo contacto hasta ahora.","'Implementación de Odoo ERP en Argentina… Especializaciones: fábricas de alimentos, distribuidoras, minería'; testimonios de Meta S.A., Tres Marías y Omar Vaccari Automotores; Yrigoyen 3280, Chajarí (sitio, 7-oct-2026). Partner Silver con 25 referencias y 3 expertos certificados (ficha de Odoo).",+54 9 3456 50-8201 (ficha de Odoo),https://www.linkedin.com/company/ingeniosolutions1,—,https://ingeniosolutions.com.ar/ (formulario 'Contactanos'),+54 9 11 4038-1050: https://wa.me/5491140381050 en el sitio (7-oct-2026),https://www.instagram.com/ingenio.solutions,canales4,ingenio-solutions
S62,265,Quay,Transformación digital: automatización de procesos y de atención a clientes; partner de Odoo,Argentina,Concordia (Entre Ríos),https://quay.com.ar,info@quay.com.ar,atención,casilla general (sitio y ficha de Odoo),https://quay.com.ar/contacto,"https://quay.com.ar/contacto (7-oct-2026); https://www.odoo.com/partners/quay-12468590 (ficha de partner oficial de Odoo, vista el 7-oct-2026)",info@quay.com.ar,"info@quay.com.ar (atención, casilla general, https://quay.com.ar/contacto)",,Automatiza atención a clientes para empresas del litoral; el agente de voz es la automatización que falta.,"'Aportamos soluciones que permiten optimizar y automatizar los procesos de negocio, la toma de decisiones y los servicios de atención a clientes' (sitio, 7-oct-2026). Partner de Odoo con 12 referencias; Gendarmería Nacional 1633, Concordia (ficha de Odoo). Aviso: el sitio es una plantilla con poco contenido propio; otros emails que aparecen son de aliados (W5 Solutions, Ban Training, Ilinesa).",+54 11 2059-2165 (sitio y ficha de Odoo),— (no publicado),—,https://quay.com.ar/contacto,"— (sin WhatsApp publicado: revisados el sitio (home, contacto, nosotros) y las fichas de la fuente, 7-oct-2026)",—,canales4,quay
S63,266,Tecopens Consulting,"Consultoría de transformación digital para pymes del NOA: ERP (partner de Odoo), finanzas, procesos y marketing",Argentina,San Miguel de Tucumán,https://www.tecopensconsulting.com,equipo@tecopensconsulting.com,atención,casilla general (sitio y ficha de Odoo),https://www.tecopensconsulting.com/,"https://www.tecopensconsulting.com/ (7-oct-2026); https://www.odoo.com/partners/tecopens-consulting-25016482 (ficha de partner oficial de Odoo, vista el 7-oct-2026)",equipo@tecopensconsulting.com,"equipo@tecopensconsulting.com (atención, casilla general, https://www.tecopensconsulting.com/); tecopens@outlook.com (atención, casilla alternativa, https://www.tecopensconsulting.com/sobre-nosotros)","Santiago Andrés Vega Pedicone y Leandro Ariel Salinas Clemente, co-fundadores; Joaquín Tomás Pérez Ale (LinkedIn enlazados en el sitio).","Consultora y partner de Odoo en Tucumán, provincia con un solo contacto hasta ahora; canal a pymes del NOA.","'Consultoría estratégica para optimizar tu negocio. Acompañamos a PyMEs del NOA'; 'Tecnología del Pensamiento: soluciones que no solo automatizan procesos, sino que piensan junto'; co-fundadores Santiago Andrés Vega Pedicone y Leandro Ariel Salinas Clemente (sitio, /sobre-nosotros, 7-oct-2026). Partner de Odoo con 8 referencias; Lamadrid 257, Tucumán (ficha de Odoo).",+54 9 381 680-2681 (sitio),https://www.linkedin.com/company/tecopens-consulting,https://www.linkedin.com/in/santiago-andr%C3%A9s-vega-pedicone/ ; https://www.linkedin.com/in/leandro-ariel-salinas-clemente-aa9b8b115/ (sitio),https://www.tecopensconsulting.com/ (formulario 'Contáctanos'),"— (sin WhatsApp publicado: revisados el sitio (home, contacto, nosotros) y las fichas de la fuente, 7-oct-2026)",—,canales4,tecopens
S64,267,Grupo Orange,"Soluciones tecnológicas integrales en Salta y el norte: infraestructura IT, seguridad electrónica y partner de Odoo",Argentina,Salta capital,https://grupoorange.com.ar,info@grupoorange.com.ar,atención,casilla general (sitio),https://grupoorange.com.ar/,"https://grupoorange.com.ar/ (7-oct-2026, leído con user-agent de navegador)",info@grupoorange.com.ar,"info@grupoorange.com.ar (atención, casilla general, https://grupoorange.com.ar/); info@grupoorange.ar (atención, casilla alternativa, https://grupoorange.com.ar/); mtg@grupoorange.com.ar (área, contacto de la ficha de Odoo, https://www.odoo.com/partners/grupo-orange-srl-20399975)",,"Único integrador con Odoo encontrado en Salta; canal a empresas del NOA, aunque no venda IA todavía.","'Más de 15 años de experiencia brindando soluciones tecnológicas integrales en Salta y el norte de Argentina… Partner Odoo'; Martín Cornejo 427, Salta (sitio, 7-oct-2026). Partner de Odoo con 15 referencias (ficha). Aviso: sin IA en el sitio. El sitio devuelve 403 al user-agent con 'ClaudeBot' sin prohibirlo en robots.txt: se leyó con user-agent de navegador (dl/ua2_grupoorange.com.ar__*.html).",+54 9 3875 11-6943 y +54 387 464-9626 (sitio),— (no publicado),—,https://grupoorange.com.ar/ ('Contáctenos'),+54 9 387 464-0626: https://wa.me/5493874640626 en el sitio (7-oct-2026),—,canales4,grupo-orange
S65,268,Grupo Mill,"Consultora de profesionalización de pymes con servicios de inteligencia artificial, datos y agro",Argentina,Santa Rosa (La Pampa),https://grupomill.com,comunicacion@grupomill.com,área,comunicación (contacto de la ficha: Franco A. Frontoni),https://www.cancilleria.gob.ar/en/new-technologies/next-from-argentina-en/grupo-mill,"https://www.cancilleria.gob.ar/en/new-technologies/next-from-argentina-en/grupo-mill (ficha Next from Argentina, Cancillería; vista el 7-oct-2026)",info@grupomill.com,"comunicacion@grupomill.com (área, comunicación, https://www.cancilleria.gob.ar/en/new-technologies/next-from-argentina-en/grupo-mill); info@grupomill.com (atención, casilla general, https://grupomill.com/contacto)","Franco A. Frontoni, CEO y fundador; Joaquín Sánchez, CMO; Augusto A. Bueno, COO (sitio, /nosotros).","Consultora que ya vende IA a pymes de La Pampa, provincia sin contactos; canal a pymes agro y comerciales.","Menú de servicios 'Inteligencia Artificial, Consultoría, Agro, Marketing'; 'Profesionalizamos pymes para mejorar rendimiento y trascender… Reemplazamos los mandos medios'; equipo: Franco A. Frontoni (CEO, fundador), Joaquín Sánchez (CMO, fundador), Augusto A. Bueno (COO) (sitio, 7-oct-2026). 'IA para procesos estratégicos, automatización de procesos'; 15 personas, fundada en 2018 (ficha Next from Argentina). Reserva de la tanda 2.",—,https://www.linkedin.com/company/grupomill/,https://www.linkedin.com/in/francofrontoni/ (ficha),https://grupomill.com/contacto,+54 9 2954 33-0420: api.whatsapp.com/send?phone=5492954330420 en el sitio (7-oct-2026),https://instagram.com/grupomillsr,canales4,grupo-mill
