n,empresa,rubro,ciudad_provincia,web,email,email_tipo,contacto_nombre_cargo,url_donde_figura_el_email,fuente_fecha,email_generico,emails_encontrados,por_que_encaja,gancho,utm_campaign,utm_content
22,Laboratorio D'Agostino-Bruno,Laboratorio de análisis clínicos e inmunológicos,"La Plata y Gorina, Buenos Aires",https://dagostino-bruno.com.ar,palonso@dagostino-bruno.com.ar,persona,"Cra. Paulina Alonso, gerente general","https://dagostino-bruno.com.ar/staff/ (bloque GERENTE GENERAL, texto literal)","2026-03-26 (modified de la página, API de WordPress)",secretaria@dagostino-bruno.com.ar,"palonso@dagostino-bruno.com.ar (persona, Cra. Paulina Alonso, gerente general, 26-mar-2026); pmokfalvi@dagostino-bruno.com.ar (persona, Pablo Mokfalvi, gerente operativo, 26-mar-2026); jorge@dagostino-bruno.com.ar (persona, Lic. Jorge Bruno, Dirección, 26-mar-2026); liliana@dagostino-bruno.com.ar (persona, Lic. Liliana D'Agostino, Dirección, 26-mar-2026); lclementi@dagostino-bruno.com.ar (persona, Lucía Clementi, coordinadora de Secretaría, 26-mar-2026); secretaria@dagostino-bruno.com.ar (atención, —, vista 5-oct-2026)","Tres sedes con extracción (dos en La Plata y una en Gorina), 0810 y un celular de contacto, turnos y extracción a domicilio, atención a médicos y laboratorios derivantes; más de 30 años","Ya ofrecen turnos y pedidos a domicilio por autogestión web (""Nueva plataforma de auto-gestión""): un agente puede hacer lo mismo para quien llama al 0810, en las tres sedes y fuera de horario",tanda3,dagostino-bruno
23,IACA Laboratorios,"Laboratorio de análisis clínicos (también derivaciones, veterinario, bromatológico)","Bahía Blanca, Buenos Aires (cinco sedes) y una sede en CABA (Suipacha)",https://iaca.com.ar,gugentili@iaca.com.ar,persona,"Gustavo Gentili, contacto comercial (alta de laboratorios derivantes; cargo exacto no publicado)","https://iaca.com.ar/derivaciones/ (""COMENZAR A DERIVAR... comunicarse con: Gustavo Gentili:""; el enlace es mailto:gugentili@iaca.com.ar y el texto visible dice comercial@iaca.com.ar)",2026-08-06 (dateModified de la página),atencion@iaca.com.ar; atencionba@iaca.com.ar,"gugentili@iaca.com.ar (persona, Gustavo Gentili, contacto comercial para laboratorios derivantes (cargo no publicado), 6-ago-2026); comercial@iaca.com.ar (área, comercial (texto visible del mismo enlace), 6-ago-2026); atencion@iaca.com.ar (atención, Atención al cliente, Bahía Blanca, vista 5-oct-2026); atencionba@iaca.com.ar (atención, Atención al cliente, sede Buenos Aires, vista 5-oct-2026)","Seis sedes, atención telefónica en Bahía Blanca (0291 459 9999) y Buenos Aires (011 4327 2602) y dos WhatsApp, servicio a domicilio, informe de resultados; además recibe derivaciones de otros laboratorios","Atienden pacientes por dos teléfonos y dos WhatsApp para seis sedes: un agente puede responder indicaciones para los análisis, horarios y pedidos a domicilio a cualquier hora",tanda3,iaca
24,SIMEPA,Prepaga regional (medicina prepaga del Colegio Médico de La Pampa; RNEMP 410573),"Santa Rosa, La Pampa (sucursal en General Pico y representantes en el interior)",https://simepa.com.ar,comercial@simepa.com.ar,área,— (sin nombre publicado; área comercial),https://simepa.com.ar/nosotros/ (pie) y https://simepa.com.ar/contacto/; en la home es la casilla para mandar los datos de débito automático,2025-10-07 (dateModified de /nosotros/; la casilla figura en todas las páginas),—,"comercial@simepa.com.ar (área, área comercial (sin nombre publicado), 7-oct-2025)","40 años, más de 1.000 prestadores en cartilla, afiliados directos y por aportes de empresas, pago mensual por débito, Pampa Pagos y Red Link; promoción de nuevas afiliaciones","Afiliaciones, débitos y pagos pasan por una sola casilla comercial y un teléfono: un agente puede responder planes, cartilla y medios de pago a cualquier hora y tomar los pedidos de afiliación",tanda3,simepa
25,Consulmed,"Odontología en red (prestación, administración y financiamiento de servicios odontológicos; clínicas propias)",CABA (casa central 25 de Mayo 267; clínicas Ayacucho y Callao),https://www.consulmed.com.ar,comercial@consulmed.com.ar,área,— (sin nombre publicado; Departamento Comercial),"https://www.consulmed.com.ar/ (""Nuestros e-mails: Departamento Comercial"")",2026-01-22 (Last-Modified de la home; copyright 2023),—,"comercial@consulmed.com.ar (área, Departamento Comercial, 22-ene-2026); administracion@consulmed.com.ar (área, Departamento Administrativo, 22-ene-2026); sistemas@consulmed.com.ar (área, Departamento de Sistemas, 22-ene-2026)","Call center (011 5217-4400), turnos online y por WhatsApp, guardia 24 h; atienden afiliados de prepagas y particulares","Con turnos por teléfono y WhatsApp y guardia 24 h, un agente puede dar los turnos de las clínicas a cualquier hora sin sumar gente al call center",tanda3,consulmed
26,Eoftalmo,Clínica oftalmológica,"San Juan, San Juan",https://eoftalmo.com,info@eoftalmo.com,atención,"— (casilla general; el director, Dr. Reinaldo Echavarría, no tiene email publicado)",https://eoftalmo.com/contacto/ y https://eoftalmo.com/ (pie y datos estructurados),2026-09-22 (dateModified de /contacto/),info@eoftalmo.com,"info@eoftalmo.com (atención, —, 22-sep-2026)","Doce oftalmólogos, turnos por 0810 220 2220, WhatsApp y portal de turnos propio; lunes a viernes 8 a 20 y sábados 9 a 13; pacientes de toda la región de Cuyo","Dan turnos por 0810, WhatsApp y un portal: un agente puede dar y confirmar los turnos de los doce especialistas fuera del horario de 8 a 20",tanda3,eoftalmo
27,Municipalidad de Goya,Municipio,"Goya, Corrientes",https://www.goya.gob.ar,modernizacion@goya.gob.ar,área,"Secretaría de Modernización, Innovación y Desarrollo Tecnológico; responsable Andrés Zajarevich, secretario (sin email propio; cargo confirmado en El Litoral, 16-sep-2026)",https://www.goya.gob.ar/?q=secretaria-modernizacion (enlace mailto de E-mail; el texto visible dice secmodernizaciongoya@gmail.com),"página sin fecha, vista el 5-oct-2026; cargo confirmado en prensa del 16-sep-2026",—,"modernizacion@goya.gob.ar (área, Secretaría de Modernización, Innovación y Desarrollo Tecnológico (responsable: Andrés Zajarevich), vista 5-oct-2026); secmodernizaciongoya@gmail.com (área, misma Secretaría (texto visible del enlace), vista 5-oct-2026); desarrollotecnologico@goya.gob.ar (área, Dirección de Desarrollo Tecnológico y Gobierno Electrónico (director: Rodrigo Giaigischia), vista 5-oct-2026)","Municipio mediano con Secretaría de Modernización activa (tablero de gestión, digitalización, economía del conocimiento); atiende reclamos vecinales, tasas y trámites","El 16-sep-2026 el intendente Hormaechea y Zajarevich presentaron Goyo, plataforma con IA para centralizar los reclamos vecinales con número de ticket y dejar de usar los WhatsApp personales de los funcionarios (El Litoral). Un agente de voz puede tomar los que llegan por teléfono",tanda3,goya
28,CPE (Cooperativa Popular de Electricidad de Santa Rosa),"Cooperativa eléctrica y de telecomunicaciones (energía, internet, TV, telefonía, sepelio)","Santa Rosa, La Pampa (también Toay, Catriló y otras localidades)",https://www.cpe.com.ar,creditosycobranzas@cpe.com.ar,área,"Créditos y cobranzas; gerente general Luis Usero sin email (Diario Textual, 14-ago-2026)",https://www.cpe.com.ar/Contacto (Correos electrónicos: Créditos y cobranzas),"página vigente (menú con Precios TIC Octubre 2026), vista el 5-oct-2026",atencioncpe@cpenet.com.ar; info@cpetel.com.ar,"creditosycobranzas@cpe.com.ar (área, Créditos y cobranzas, vista 5-oct-2026); cobranzascpe@cpenet.com.ar (área, Créditos y cobranzas (segunda casilla), vista 5-oct-2026); facturacioncpe@cpenet.com.ar (área, Medición y facturación, vista 5-oct-2026); atencioncpe@cpenet.com.ar (atención, trámites del servicio eléctrico, vista 5-oct-2026); info@cpetel.com.ar (atención, consultas comerciales y administrativas de telecomunicaciones, vista 5-oct-2026)","Atención telefónica de 7 a 24 h con varias líneas por localidad, un WhatsApp para todos los servicios y cobro mensual de energía y telecomunicaciones",Usero contó a Diario Textual (14-ago-2026) que en Energía bajó la cantidad de usuarios que pagan en el mes de vencimiento y la cobranza total bajó levemente; en 2025 la CPE amplió plazos para refinanciar deudas,tanda3,cpe
29,Cooperativa 16 de Octubre (Coop16),"Cooperativa de servicios públicos (agua potable, energía, cloacas, alumbrado, sepelio)","Esquel y Trevelin, Chubut",https://coop16.com.ar,secretariacda@coop16.com.ar,área,Consejo de Administración; presidente Miguel Ángel Illuminati (sin email propio),"https://coop16.com.ar/administracion-y-fiscalizacion/ (""Para contactarse: secretariacda@coop16.com.ar"", Consejo de Administración)",página modificada el 1-jul-2026 (WordPress),info@coop16.com.ar,"secretariacda@coop16.com.ar (área, Consejo de Administración (presidente: Miguel Ángel Illuminati), 1-jul-2026); comercial@coop16.com.ar (área, comercial, Esquel, 26-ago-2025); info@coop16.com.ar (atención, —, 12-ago-2026)","Presta agua, luz y cloacas en dos ciudades y zonas rurales; reclamos técnicos por formulario web y dos WhatsApp, trámites en oficinas de 8 a 13","Los reclamos (sin energía, sin agua, cloacas tapadas, alumbrado) entran por un formulario y dos WhatsApp, uno por localidad; un agente puede tomarlos también por teléfono a cualquier hora",tanda3,coop16
30,CELTA (Cooperativa Eléctrica de Tres Arroyos),"Cooperativa de servicios múltiples (energía, TV e internet con la marca SIEMPRE, sepelio, servicios sociales)","Tres Arroyos, Buenos Aires",https://www.celtatsas.com.ar,comercial@celta.com.ar,área,"Oficina comercial; presidente Rubén Prado sin email (desde abr-2026, nota del sitio del 7-abr-2026)",https://www.celtatsas.com.ar/telefonos-y-horarios-de-atencion/,página modificada el 2-jun-2025 (WordPress),celta@celta.com.ar,"comercial@celta.com.ar (área, oficina comercial, 2-jun-2025); celtatv@celta.com.ar (área, TV e internet (adhesión al débito automático), vista 5-oct-2026); sucursalvirtual@celtatv.com.ar (área, energía eléctrica (adhesión al débito automático), vista 5-oct-2026); celta@celta.com.ar (atención, casilla general (figura en Proveedores), vista 5-oct-2026)","Dos 0800 de reclamos (servicio eléctrico, y TV e internet), oficina comercial y varias líneas de administración; está relanzando su negocio de conectividad","En mayo de 2026 presentó SIEMPRE, su nueva marca de conectividad, con el avatar Bauti; tiene un 0800 de reclamos para la luz y otro para TV e internet",tanda3,celta
31,COTEL (Cooperativa Telefónica y Otros Servicios de Villa Gesell),"Cooperativa de telecomunicaciones (internet por fibra, telefonía, TV, alarmas)","Villa Gesell, Buenos Aires",https://cotel.com.ar,comercial@cotel.com.ar,área,Atención administrativa; presidente Antonio Roncoroni sin email (https://cotel.com.ar/la-empresa),"https://cotel.com.ar/contacto (""Atención administrativa: comercial@cotel.com.ar"")","sitio sin fecha (Next.js), visto el 5-oct-2026",—,"comercial@cotel.com.ar (área, atención administrativa, vista 5-oct-2026)","ISP cooperativo con fibra en más del 95 % del partido, call center propio, reclamos por el 114 y atención administrativa de 8 a 15",La atención administrativa es de lunes a viernes de 8 a 15 y los reclamos de internet entran por el 114 (opción 2): un agente puede responder consultas de facturación y tomar reclamos a cualquier hora,tanda3,cotel
32,Elebar (Santa Mónica S.A.),Tarjeta de crédito regional,"Tandil, Buenos Aires (32 sucursales propias en el centro y oeste bonaerense)",https://www.elebar.com.ar,pbernatene@elebar.com.ar,persona,"María Paz Bernatene, Gerente de Créditos y Cobranzas","https://www.elebar.com.ar/page/clientes/información-financiera (Responsable Suplente de Atención al Usuario de Servicios Financieros). Cargo: suplemento de prospecto FF Elebar XVII, 13-ago-2026, https://www.valo.ar/wp-content/uploads/2026/08/FF-Suplemento-de-prospecto-Elebar-XVII.pdf (Estructura Gerencial) y página Nuestro Equipo del sitio","sitio vigente, visto el 5-oct-2026; cargo en prospecto del 13-ago-2026",contacto@elebar.com.ar,"pbernatene@elebar.com.ar (persona, María Paz Bernatene, gerente de Créditos y Cobranzas, 13-ago-2026); camilo.granel@elebar.com.ar (persona, Camilo Granel, vicepresidente y director de Sistemas y Operaciones, 13-ago-2026); cgranel@elebar.com.ar (persona, Camilo Granel (otra casilla), 13-ago-2026); rchiozza@elebar.com.ar (persona, Ramiro Pérez Chiozza, gerente de Finanzas, 13-ago-2026); contacto@elebar.com.ar (atención, —, vista 5-oct-2026)","Tarjeta y préstamos con 32 sucursales; según el prospecto, la mora de 1 a 60 días se gestiona con llamados desde cada sucursal, SMS, WhatsApp desde sucursales y un segundo llamado desde Casa Central (Cobranzas). Ya tienen un asistente de menú por WhatsApp (Ele)","[Revisar] Suplemento FF Elebar XVII, sección Procedimiento de cobranza: llamados de mora desde cada sucursal y desde Casa Central. Un agente puede hacer esos llamados y dejar anotada la promesa de pago",tanda3,elebar
33,Empresur S.A. (Tarjeta Qida),Financiera regional (tarjeta propia y préstamos personales),"Comodoro Rivadavia, Chubut (11 sucursales en Chubut, Santa Cruz, Río Negro y Neuquén)",https://qida.com.ar,epini@empresurfinanzas.com.ar,persona,"Enrique Ángel Pini, Gerente General","Suplemento de prospecto FF Empresur Créditos I, 27-abr-2023, https://www.bst.com.ar/wp-content/uploads/2025/05/FF-Empresur-Creditos-I-Suplemento-de-Prospecto.pdf (notificaciones al fiduciante, Atención: Enrique Pini; cargo en Estructura Gerencial)",27-abr-2023 (prospecto; no hay fuente más nueva con email de persona),info@qida.com.ar,"epini@empresurfinanzas.com.ar (persona, Enrique Ángel Pini, gerente general, 27-abr-2023); mpierresteguy@tarjetaqida.com.ar (persona, María Laura Pierresteguy, responsable titular de Atención al Usuario, 25-nov-2022, vieja); ddarquier@tarjetaqida.com.ar (persona, Diego Darquier, responsable suplente de Atención al Usuario, 25-nov-2022, vieja); reclamos@tarjetaqida.com.ar (área, reclamos, 25-nov-2022, vieja); info@qida.com.ar (atención, —, vista 5-oct-2026)","Tarjeta Qida y préstamos online para ingresos medios y bajos en Patagonia; la web publica un número de Atención al Cliente y otro de Cobranzas, ambos celulares de Comodoro",[Revisar] Home de qida.com.ar: Atención al Cliente +54 9 297 538-9370 y Cobranzas +54 9 297 429-2221. Un agente puede atender las dos líneas a cualquier hora y recordar los vencimientos,tanda3,qida
34,Tarjeta Sucrédito (Valle Fértil S.A.),Tarjeta de crédito regional,"San Miguel de Tucumán, Tucumán (11 sucursales en Tucumán, Santiago del Estero, Salta, Jujuy y Córdoba)",https://www.tarjetasucredito.com.ar,jorgeblanco@tarjetasucredito.com.ar,persona,"Cr. Jorge Luis Blanco, Presidente (dueño desde 2006)","Suplemento de prospecto FF Sucrédito Serie XXIII (PDF del 15-nov-2022), https://www.bst.com.ar/wp-content/uploads/2025/05/FF-Sucredito-Serie-XXIII-Suplemento-de-Prospecto.pdf (datos del fiduciante y notificaciones). Nombre y rol confirmados en https://www.tarjetasucredito.com.ar/conocenos",15-nov-2022 (fuente vieja: anterior a 2023; dominio con MX de Microsoft 365),contactanos@tarjetasucredito.com.ar,"jorgeblanco@tarjetasucredito.com.ar (persona, Cr. Jorge Luis Blanco, presidente, 15-nov-2022, vieja); contactanos@tarjetasucredito.com.ar (atención, —, vista 5-oct-2026)","250.000 clientes y 30.000 comercios según su web; asesores telefónicos de lunes a sábado con corte al mediodía, cobranzas y trámites en sucursales","[Revisar] Página Contactanos: asesores de lunes a viernes de 8:30 a 13:30 y de 16:30 a 21, sábados de 9 a 13:30 y de 16:30 a 21; Conocenos: 250.000 clientes. Un agente puede cubrir el corte del mediodía y los domingos",tanda3,sucredito
35,Gran Cooperativa (Grancoop),Cooperativa de crédito,"Ciudad de Buenos Aires (sucursales en Tucumán, San Juan y Neuquén; delegación Mendoza)",https://grancoop.com.ar,gbalice@grancoop.com.ar,persona,"Gerardo José Balice, Presidente del Consejo de Administración","Suplemento de prospecto FF Grancoop Créditos V, 11-sep-2026, https://www.valo.ar/wp-content/uploads/2026/09/Grancoop-Creditos-V-Suplemento-de-Prospecto.pdf (notificaciones, At: Gerardo Balice; cargo en Consejo de Administración)",11-sep-2026,atencionalsocio@grancoop.com.ar,"gbalice@grancoop.com.ar (persona, Gerardo José Balice, presidente del Consejo de Administración, 11-sep-2026); comerciales@grancoop.com.ar (área, comercial, vista 5-oct-2026); atencionalsocio@grancoop.com.ar (atención, Atención al socio, 11-sep-2026)","Préstamos a asociados por descuento de haberes (ANSES, UNT, UNSJ, GCBA, administración pública nacional) y 800 comercios adheridos; mora de ~8 % en 2025 según el prospecto. Atienden por 0800-345-1650 y WhatsApp","[Revisar] Términos del Asistente Virtual de WhatsApp en grancoop.com.ar/tyc-asistente, versión del 30-sep-2026: acaban de sumar un asistente de IA en WhatsApp. El 0800 sigue con atención humana: un agente de voz puede atenderlo a cualquier hora",tanda3,grancoop
36,Derka y Vargas S.A.,Concesionario oficial Toyota,"Presidencia Roque Sáenz Peña, Chaco (sucursales en Resistencia, Charata y Villa Ángela)",https://www.derkayvargas.com.ar,contacto@derkayvargas.com.ar,atención,— (sin nombres publicados),https://www.derkayvargas.com.ar/ (pie y datos estructurados de la home),"sitio vigente, visto el 5-oct-2026",contacto@derkayvargas.com.ar,"contacto@derkayvargas.com.ar (atención, —, vista 5-oct-2026)","Venta de 0 km, usados y Toyota Plan, posventa con pedido de servicio por formulario, Kinto; cuatro sucursales en el Chaco","[Revisar] Home: Casa Central en Sáenz Peña más Resistencia, Charata y Villa Ángela; botón Solicitar un servicio. Un agente puede dar turnos de taller y responder sobre 0 km, usados y plan de ahorro fuera de horario",tanda3,derka-vargas
37,Instituto Superior Juan XXIII (Obra de Don Bosco),Instituto terciario privado (profesorados y tecnicaturas),"Bahía Blanca, Buenos Aires",https://www.juan23.edu.ar,amandara@donbosco.org.ar,persona,"Lic. Adrián Mandará, Director y Representante Legal",https://www.juan23.edu.ar/autoridades/ (también en el pie de /sobre-el-instituto/),2024-09-02 (modificación de la página; vista el 5-oct-2026),secretaria@juan23.edu.ar,"amandara@donbosco.org.ar (persona, Lic. Adrián Mandará, director y representante legal, 2-sep-2024); vgarcia@juan23.edu.ar (persona, Lic. Verónica García, vicedirectora, 2-sep-2024); ncastillo@juan23.edu.ar (persona, Lic. Nora Castillo, secretaria académica, 2-sep-2024); aolivera@juan23.edu.ar (persona, Lic. Andrea Olivera, regente, 2-sep-2024); contaduria@juan23.edu.ar (área, Contaduría (estudiantes), 13-ago-2026); secretaria@juan23.edu.ar (atención, Secretaría, 13-ago-2026)","Unas 13 carreras (profesorados de inglés, matemática, filosofía, primaria, psicología; tecnicaturas en sistemas, marketing, administración financiera, automatización, corretaje inmobiliario); secretaría por un solo teléfono y mails separados para secretaría, administración y contaduría (pagos de estudiantes)","El sitio anuncia 'Carreras 2027: inscripciones a partir del 15 de octubre de 2026': un agente podría responder a los ingresantes sobre carreras, aranceles y trámites de inscripción a cualquier hora, sin cargar la secretaría",tanda3,juan23
38,Colegio Belgrano,"Colegio privado con nivel inicial, primario (dos turnos) y secundario","Salta, Salta",https://colegiobelgrano.edu.ar,replegal@colegiobelgrano.edu.ar,área,Casilla del cargo de Director General y Representante Legal (hoy Ing. Lic. Daniel Torres Jiménez),https://colegiobelgrano.edu.ar/equipo-de-conduccion/,2026-08-31 (modificación de la página; vista el 5-oct-2026),secretaria@colegiobelgrano.edu.ar,"replegal@colegiobelgrano.edu.ar (área, casilla del cargo de director general y representante legal (hoy Ing. Lic. Daniel Torres Jiménez), 31-ago-2026); administracion@colegiobelgrano.edu.ar (área, Administración (administrador: C.P.N. Pedro Padilla), 31-ago-2026); dirinicial@colegiobelgrano.edu.ar (área, Dirección de Nivel Inicial (Prof. Daniela Gallo), 31-ago-2026); dirprimaria@colegiobelgrano.edu.ar (área, Dirección de Nivel Primario (Lic. Marisa Martínez), 31-ago-2026); dirsec@colegiobelgrano.edu.ar (área, Dirección de Nivel Secundario (Prof. Carolina Rizzotti), 31-ago-2026); secretaria@colegiobelgrano.edu.ar (atención, Secretaría (Lic. Virginia Orihuela), 31-ago-2026)","Tres niveles, primaria en turno mañana y tarde, 120 años; admisiones por formulario web y una secretaría; es el segmento de colegios del plan (cuotas y admisiones)","La página de admisiones tiene abierto el 'Registro de Aspirantes 2027' para inicial (sala de 3 a 5), primaria y secundaria: un agente podría responder las consultas de las familias sobre vacantes y admisión a cualquier hora",tanda3,colegio-belgrano
39,NeyTI SAS,"Software de gestión municipal, educativa y oficina virtual (canal)","Presidencia Roque Sáenz Peña, Chaco",https://neyti.com.ar,niznardo@neyti.com.ar,persona,"Natanael Iznardo, representante de NeyTI en el Polo IT Chaco (tesorero de la comisión 2025-2026, https://poloitchaco.org.ar/autoridades/); cargo en la empresa no publicado",https://poloitchaco.org.ar/empresas/neyti/ (ficha de socio del Polo IT Chaco; el sitio propio no publica email),2025-03-27 (ficha del Polo IT Chaco; autoridades 2026-09-08; vistas el 5-oct-2026),—,"niznardo@neyti.com.ar (persona, Natanael Iznardo, representante de NeyTI en el Polo IT Chaco (cargo en la empresa no publicado), 27-mar-2025)","Vende 'Sistema Gestión Municipal', 'Sistema Gestión Educativa' y 'Oficina Virtual' para la gestión online de clientes: tiene a los municipios e institutos y la base de contribuyentes y alumnos; le falta la voz","Su web ofrece los tres sistemas (municipal, educativo y oficina virtual): proponer la voz como un módulo más para los municipios e institutos que ya los usan, como aliados",tanda3,neyti
40,Censys S.A.,"Software para entidades financieras: préstamos, pagos, billeteras (canal)","Yerba Buena, Tucumán",https://www.censys.com.ar,apaez@censys.com.ar,persona,Sin nombre publicado: la casilla es personal (apaez@) pero ninguna fuente dice de quién es,https://cessi.org.ar/socio/censys/ (ficha de socio de CESSI; el sitio propio solo tiene formulario),2024-03-26 (ficha de CESSI; vista el 5-oct-2026),—,"apaez@censys.com.ar (persona, sin nombre publicado (casilla personal), 26-mar-2024)","Su plataforma IBS Préstamos cubre todo el ciclo del crédito 'incluyendo seguimiento, refinanciaciones y recupero', con APIs abiertas, y tiene un programa de alianzas con 'proveedores de soluciones complementarias': es el canal de la hipótesis principal (mora temprana)","IBS Préstamos ya llega hasta el recupero y Censys suma proveedores complementarios: proponer, como aliados, un agente que llame en mora temprana a los clientes de las financieras que usan IBS",tanda3,censys
41,SISA (Sisa Latam),Software de facturación y gestión comercial para empresas de servicios públicos (canal),Buenos Aires (teléfono 11; sin dirección publicada),https://www.sisa.com.ar,guillermo.tejerina@sisa.com.ar,persona,Guillermo Tejerina; cargo no publicado,https://cessi.org.ar/socio/sisa/ (ficha de socio de CESSI; el sitio propio solo tiene formulario),"2022-05-06 (ficha de CESSI, fuente vieja; vista el 5-oct-2026; el dominio tiene MX de Google)",—,"guillermo.tejerina@sisa.com.ar (persona, Guillermo Tejerina, cargo no publicado, 6-may-2022, vieja)","Su 'Utilities & Billing' cubre 'contratos, trámites, atención al cliente, OPs, cobranzas' y field services; entre sus clientes muestran ABSA, Aguas Cordobesas, Aguas de Corrientes, Aguas de Santiago, Aguas Santafesinas y OSSE: reclamos y consultas de factura en volumen","Su gestión comercial ya incluye atención al cliente y cobranzas para empresas de agua: proponer, como aliados, un agente que tome reclamos y consultas de factura por teléfono para esas empresas",tanda3,sisa
