empresa,rubro,ciudad_provincia,web,email,url_donde_figura_el_email,contacto_nombre_cargo,por_que_encaja,gancho
Instituto Oulton,Diagnóstico por imágenes,"Córdoba, Córdoba",https://institutoulton.com.ar,info@oulton.com.ar,https://institutoulton.com.ar/contacto-2/,"Dr. Carlos Parola, director médico (figura en la web)","Turnos, confirmaciones y preparación de estudios por teléfono en 5 sedes; línea de turnos de 8 a 21 h","Tienen sedes dentro de DASPU (Cofico y Ciudad Universitaria) y de los hospitales Militar y Aeronáutico, cada una con su teléfono: un agente podría atender todas las líneas y dar turnos con la misma agenda"
Cooperativa de Electricidad Bariloche (CEB),Cooperativa eléctrica y de servicios,"San Carlos de Bariloche, Río Negro",https://www.ceb.coop,correspondencia@ceb.coop,https://www.ceb.coop/contacto/correspondencia/,"Alejandro Pozas, presidente del Comité Ejecutivo (web)","Reclamos de 'sin luz' en cortes masivos, consultas de factura y débito automático, cortes programados; también saneamiento y sepelios","Ya tienen asistente virtual por WhatsApp; el agente de voz cubriría a quien llama por teléfono durante un corte, con voz local y datos que no salen del país"
AMUR (Asociación Mutual Ruralista),Mutual de salud / prepaga regional,"Santa Fe, Santa Fe (también Entre Ríos y Córdoba)",https://www.amur.com.ar,info@amur.com.ar,https://www.amur.com.ar/,"Carlos Noce, gerente general (El Litoral, 31-mar-2026)","Turnos médicos, autorizaciones, consultas de afiliados en más de 70 delegaciones, farmacias y ópticas",Cumplieron 50 años en 2026 con ~25.000 afiliados y anunciaron un nuevo centro médico en Rosario: más turnos y consultas sin sumar personal en el teléfono
MIS – Mutual Integral de Servicios,Mutual de ayuda económica (préstamos),"Santo Tomé, Santa Fe",https://www.mis.org.ar,contacto@mis.org.ar,https://www.mis.org.ar/contacto/,,"Consultas de préstamos de empleados públicos y jubilados santafesinos, recordatorios de cuotas y cobranza preventiva","Atienden por 0810 de 8 a 16 h y advierten que MIS nunca pide datos bancarios: un agente propio, con número conocido, podría atender fuera de horario y hacer recordatorios de cuota sin abrir la puerta a estafas"
ISEP (Instituto ISEP),"Colegio privado (inicial, primario y secundario)","Godoy Cruz y Mendoza, Mendoza",https://isep.edu.ar,informes@isep.edu.ar,https://isep.edu.ar/,,"Consultas de inscripción, vacantes y aranceles, avisos a familias y recordatorios de cuotas en 3 sedes con líneas separadas",Tienen abiertas las inscripciones 2027 para inicial y primario (secundario desde agosto) con un teléfono por nivel: un agente podría responder consultas de admisión a toda hora
GestarCoop,Software vertical para cooperativas (posible canal),"Córdoba, Córdoba",https://migestarcoop.com,info@migestarcoop.com,https://migestarcoop.com/,,Sus clientes (cooperativas de servicios) reciben reclamos y consultas de factura por teléfono; el agente se integraría como módulo sobre su sistema,"Desde 2008 hacen software para cooperativas con Oficina Virtual, cobros integrados y app de lectura de medidores: el agente de voz para reclamos y deuda podría sumarse como módulo en sus planes"
Alianza Cobros,Estudio de cobranzas,CABA,https://alianzacobros.com.ar,propuestas@alianzacobros.com.ar,https://alianzacobros.com.ar/,,"Gestión telefónica de mora temprana, intermedia y tardía, convenios de pago y seguimiento de deudores para bancos y financieras",Su call center propio trabaja 12 h diarias en dos turnos de 6 h: el agente podría hacer la mora temprana y los recordatorios en volumen y pasar a los negociadores solo los casos con intención de pago
Paktar Cobranzas & BPO,BPO / contact center de cobranzas,"San Miguel, Buenos Aires (y oficina en CABA)",https://www.paktar.com.ar,info@paktar.com.ar,https://www.paktar.com.ar/,,Cobranzas y atención omnicanal con ~600 asesores; IVR y campañas masivas que un agente de voz podría convertir en conversaciones,"Declaran 850.000 contactos al año y 80 millones de envíos masivos, con IVR propio: el siguiente paso es un agente que converse en esos envíos, corriendo en servidores en Argentina"
Yacoub,Inmobiliaria y desarrolladora,"La Plata, Buenos Aires (también CABA y Mar del Plata)",https://yacoub.com.ar,info@yacoub.com.ar,https://yacoub.com.ar/contacto,,"Consultas de compradores e inquilinos, coordinación de visitas, administración de alquileres y reclamos de inquilinos","Tienen 9 oficinas y una línea aparte para alquileres en La Plata, además de Garantix e Hipotek: el agente podría filtrar consultas de avisos y agendar visitas fuera de horario"
Grupo Silva (Silva Mobility),Concesionaria (autos y motos multimarca),"San Miguel de Tucumán y Yerba Buena, Tucumán",https://silvamobility.com.ar,contacto@gruposilva.com.ar,https://silvamobility.com.ar/contacto/,,"Consultas de ventas, calificación de interesados, turnos de prueba de manejo y de taller, seguimiento de leads","Venden GWM, Changan, JMEV, Benelli y Triumph en 4 locales de Tucumán, atendidos por el WhatsApp de los asesores: el agente podría responder y calificar leads a cualquier hora y pasar los listos a un vendedor"
