n,cuenta,tipo,lugar,empleados_linkedin,pagina_linkedin,sales_navigator,persona,cargo,prioridad,rol,perfil_sales_navigator
1,Sanatorio Anchorena San Martín,Sanatorio,San Martín (GBA),656,https://www.linkedin.com/company/51634655/,https://www.linkedin.com/sales/company/51634655,Cristian Cesio,Director médico,1,2.º,https://www.linkedin.com/sales/lead/ACwAAAeBlVUBrXLR_CyUJrd73LZW2ZiAAosQiUM
1,Sanatorio Anchorena San Martín,Sanatorio,San Martín (GBA),656,https://www.linkedin.com/company/51634655/,https://www.linkedin.com/sales/company/51634655,Marco David Andave,Jefe de atención al paciente - Supervisor de Hotelería,2,★,https://www.linkedin.com/sales/lead/ACwAACBFF1EB6NSJSTQ--CpOQHkuHXhky2C7m3I
1,Sanatorio Anchorena San Martín,Sanatorio,San Martín (GBA),656,https://www.linkedin.com/company/51634655/,https://www.linkedin.com/sales/company/51634655,Adriana Loscalzo,Jefa de Admisiones y Servicios Hoteleros,2,,https://www.linkedin.com/sales/lead/ACwAAA3es7IBUiEjHeDNj7Agc-9hHy3VF8zURXM
2,Sanatorio Sagrado Corazón,Sanatorio,CABA,704,https://www.linkedin.com/company/82164331/,https://www.linkedin.com/sales/company/82164331,Daniel Caso,Gerente General,1,2.º,https://www.linkedin.com/sales/lead/ACwAAADojaUB5B2cgdUkgszUEGXiXk5Cijy4Jws
2,Sanatorio Sagrado Corazón,Sanatorio,CABA,704,https://www.linkedin.com/company/82164331/,https://www.linkedin.com/sales/company/82164331,Carlos Alberto Díaz,Gerente médico,1,,https://www.linkedin.com/sales/lead/ACwAAD4oOXcBy46NJ8qAPtdi7BQ_ky2rjLFCOn8
2,Sanatorio Sagrado Corazón,Sanatorio,CABA,704,https://www.linkedin.com/company/82164331/,https://www.linkedin.com/sales/company/82164331,Candice Selecki,Jefa de Gestión de Pacientes,2,★,https://www.linkedin.com/sales/lead/ACwAAB2VLqYBnoAPQ3drpJd1csAGFHxInyt0qbo
2,Sanatorio Sagrado Corazón,Sanatorio,CABA,704,https://www.linkedin.com/company/82164331/,https://www.linkedin.com/sales/company/82164331,Maricarmen Quiros,Jefa de Gestión de pacientes,2,,https://www.linkedin.com/sales/lead/ACwAAA4kMHwBxBgsXI-ePbi95_sQ8K6hMdEg7DM
3,Fundación Hospitalaria,Hospital,CABA,377,https://www.linkedin.com/company/22319302/,https://www.linkedin.com/sales/company/22319302,María Junes,Directora ejecutiva,1,2.º,https://www.linkedin.com/sales/lead/ACwAAAngrFwBbyLu2Mzyp9U77tUsiZat6kzlJVU
3,Fundación Hospitalaria,Hospital,CABA,377,https://www.linkedin.com/company/22319302/,https://www.linkedin.com/sales/company/22319302,Jorge Herreros,Director general,1,,https://www.linkedin.com/sales/lead/ACwAAE5hYvYBejR8ziVvRJMJZxKXAdz8GsBrmuc
3,Fundación Hospitalaria,Hospital,CABA,377,https://www.linkedin.com/company/22319302/,https://www.linkedin.com/sales/company/22319302,Felipe Saez,Jefe de Gestión en atención al paciente,2,★,https://www.linkedin.com/sales/lead/ACwAAA15-dIB4GU4_dmvsaM-OGyZuPFIE64v0VM
4,ICBA Instituto Cardiovascular,Clínica cardiovascular,CABA,622,https://www.linkedin.com/company/2498484/,https://www.linkedin.com/sales/company/2498484,Elena Hopson,Directora ejecutiva,1,2.º,https://www.linkedin.com/sales/lead/ACwAAAM0orIBGoS5HdRbuv89aqJt8Ow8dcISCto
4,ICBA Instituto Cardiovascular,Clínica cardiovascular,CABA,622,https://www.linkedin.com/company/2498484/,https://www.linkedin.com/sales/company/2498484,Alberto Alves de Lima,Director Médico,1,,https://www.linkedin.com/sales/lead/ACwAAA54gR8Bq2noGwuO09anAyO9U04UjI59usg
4,ICBA Instituto Cardiovascular,Clínica cardiovascular,CABA,622,https://www.linkedin.com/company/2498484/,https://www.linkedin.com/sales/company/2498484,Silvina Stephani Ferradas,Jefa de Gestión Operativa de Pacientes,2,★,https://www.linkedin.com/sales/lead/ACwAAAdIsfABAalfXVtPgWAxIhLrin9FF_5wXHE
4,ICBA Instituto Cardiovascular,Clínica cardiovascular,CABA,622,https://www.linkedin.com/company/2498484/,https://www.linkedin.com/sales/company/2498484,Guido Costa,Gerente de Tecnología y Gestión de Procesos,3,,https://www.linkedin.com/sales/lead/ACwAAAJhm1YBl0tf7K3qjuh5c_uxXFu7QPc5kDI
5,IAF (Instituto Alexander Fleming),Clínica oncológica,CABA,811,https://www.linkedin.com/company/18052881/,https://www.linkedin.com/sales/company/18052881,Antonio Goitisolo,Gerente General,1,2.º,https://www.linkedin.com/sales/lead/ACwAAAAfNiMBoYzMxo7AekIMZCGLLm6_c-HP1HY
5,IAF (Instituto Alexander Fleming),Clínica oncológica,CABA,811,https://www.linkedin.com/company/18052881/,https://www.linkedin.com/sales/company/18052881,Diego Zentner,Jefe de contact center,2,★,https://www.linkedin.com/sales/lead/ACwAAAZwQnYBMlDOcmFHLuv4Y7ZbkhifpZ_kqTM
5,IAF (Instituto Alexander Fleming),Clínica oncológica,CABA,811,https://www.linkedin.com/company/18052881/,https://www.linkedin.com/sales/company/18052881,Ivana Noelia Nitti,Jefa Experiencia del Paciente,2,,https://www.linkedin.com/sales/lead/ACwAAB88yhYBzUjPiYezK9FrLEYLkjkvUv-C4A8
6,Centro Médico Deragopyan,Diagnóstico por imágenes,CABA,455,https://www.linkedin.com/company/1046847/,https://www.linkedin.com/sales/company/1046847,Guillermo Nieto Martínez,Director Médico,1,2.º,https://www.linkedin.com/sales/lead/ACwAABCSMu4BbeqklEm9Dgk09splNTMAzIHZFvs
6,Centro Médico Deragopyan,Diagnóstico por imágenes,CABA,455,https://www.linkedin.com/company/1046847/,https://www.linkedin.com/sales/company/1046847,Federico Martín Olivera Plata,Director Médico de Innovación y Ciencia,1,,https://www.linkedin.com/sales/lead/ACwAACiywosB5dp2d-IPaW7LkODil8PpGTQcsvw
6,Centro Médico Deragopyan,Diagnóstico por imágenes,CABA,455,https://www.linkedin.com/company/1046847/,https://www.linkedin.com/sales/company/1046847,Ornella Corigliano,Jefa de Atención al paciente,2,★,https://www.linkedin.com/sales/lead/ACwAAD7Za3oBvSh_fyjhZBc4hiqqBmQiFOdE6OI
6,Centro Médico Deragopyan,Diagnóstico por imágenes,CABA,455,https://www.linkedin.com/company/1046847/,https://www.linkedin.com/sales/company/1046847,Julián Perillo,Jefe de sistemas,3,,https://www.linkedin.com/sales/lead/ACwAACA87XABH11wh5RXfU3DOzt3xxodgBQWgis
7,ARGUS Diagnóstico Médico,Diagnóstico por imágenes,GBA norte,363,https://www.linkedin.com/company/34706023/,https://www.linkedin.com/sales/company/34706023,Juan Pablo Ghisi,Director Médico,1,2.º,https://www.linkedin.com/sales/lead/ACwAAAZoiIkB0iJL69NPjCL9P7vSjzVn8L9-0W4
7,ARGUS Diagnóstico Médico,Diagnóstico por imágenes,GBA norte,363,https://www.linkedin.com/company/34706023/,https://www.linkedin.com/sales/company/34706023,Juan Mazzucco,Director Médico,1,,https://www.linkedin.com/sales/lead/ACwAABbnQtsBp5gNAkono_RCg4RIOAdk8QdYuko
7,ARGUS Diagnóstico Médico,Diagnóstico por imágenes,GBA norte,363,https://www.linkedin.com/company/34706023/,https://www.linkedin.com/sales/company/34706023,Agustina Jiménez,Coordinadora de la central única de turnos,2,★,https://www.linkedin.com/sales/lead/ACwAAC0FKXMBm8wJSPP-uw1xFbUF9A10q_ww0nk
8,Labmedicina,Laboratorio,—,137,https://www.linkedin.com/company/80499966/,https://www.linkedin.com/sales/company/80499966,Delia Benítez,Jefa de hospitales - Atención al cliente,2,★,https://www.linkedin.com/sales/lead/ACwAAAqGzowBJgmFv1thIEiu2bOQDTFZaTlYE8o
8,Labmedicina,Laboratorio,—,137,https://www.linkedin.com/company/80499966/,https://www.linkedin.com/sales/company/80499966,Gustavo Adrián Real,Gerente de IT,3,2.º,https://www.linkedin.com/sales/lead/ACwAAAIhkxIBZDSIvjNuWDHmiCXiXEqNU6i4ho0
9,Cibic Laboratorios (Rosario),Laboratorio,Rosario y Funes,357,https://www.linkedin.com/company/3334553/,https://www.linkedin.com/sales/company/3334553,Frank A. Davis,President & CEO,1,2.º,https://www.linkedin.com/sales/lead/ACwAAAKnczsBa3Eg2WxFy-zJnZ1Nm4xeKd-HL0Y
9,Cibic Laboratorios (Rosario),Laboratorio,Rosario y Funes,357,https://www.linkedin.com/company/3334553/,https://www.linkedin.com/sales/company/3334553,Lucio Caneda,Responsable de Experiencia del Usuario,2,★,https://www.linkedin.com/sales/lead/ACwAABhbGl4Bd49JIJwRZWf-UgBf_nu5SfF2wOI
9,Cibic Laboratorios (Rosario),Laboratorio,Rosario y Funes,357,https://www.linkedin.com/company/3334553/,https://www.linkedin.com/sales/company/3334553,Fabricio Gonzalo Montes,Responsable Innovación y Proyectos T.I.,3,,https://www.linkedin.com/sales/lead/ACwAAAOGuTgBf4S-tkwUwNnjPB-pty9jeRFzyXE
9,Cibic Laboratorios (Rosario),Laboratorio,Rosario y Funes,357,https://www.linkedin.com/company/3334553/,https://www.linkedin.com/sales/company/3334553,Hernán Tilatti,Gerente Tecnología Informática,3,,https://www.linkedin.com/sales/lead/ACwAAAQphU8BmUHUMxFHJ88gineIKGR7wPvR_2Y
10,Vacunar,Vacunatorios,—,223,https://www.linkedin.com/company/54721418/,https://www.linkedin.com/sales/company/54721418,Fernanda Rojas,Coordinadora de atención al paciente,2,★,https://www.linkedin.com/sales/lead/ACwAABhLXEABDIaNM9j7MgNsSGoibz-oyL7m0_g
10,Vacunar,Vacunatorios,—,223,https://www.linkedin.com/company/54721418/,https://www.linkedin.com/sales/company/54721418,Miguel David Marulanda Laverde,Jefe de IT,3,2.º,https://www.linkedin.com/sales/lead/ACwAACUfBIkBIeYpsGr1fM7lRRRhbnrBeghyHIo
11,Clínica San Camilo,Clínica,CABA,846,https://www.linkedin.com/company/1923849/,https://www.linkedin.com/sales/company/1923849,Luis Cervio,Director general,1,★,https://www.linkedin.com/sales/lead/ACwAAAr4MoABX2RZUcW-n-Jwab2XrevJZcehP00
11,Clínica San Camilo,Clínica,CABA,846,https://www.linkedin.com/company/1923849/,https://www.linkedin.com/sales/company/1923849,Gustavo Bastianelli,Director Medico clinica San Camilo,1,2.º,https://www.linkedin.com/sales/lead/ACwAAAh_UtUByyMFgYnR9gAYPaJO9PVCSQ78hUs
11,Clínica San Camilo,Clínica,CABA,846,https://www.linkedin.com/company/1923849/,https://www.linkedin.com/sales/company/1923849,Gonzalo Segarra,Gerente de Sistemas,3,,https://www.linkedin.com/sales/lead/ACwAAACMW9EBMdEZ7R1Jz-lJOssSF8nrW078xCU
11,Clínica San Camilo,Clínica,CABA,846,https://www.linkedin.com/company/1923849/,https://www.linkedin.com/sales/company/1923849,Estela Aquino,Coordinadora operativa en seguridad del paciente,4,,https://www.linkedin.com/sales/lead/ACwAABU47ksBxbmyBnj6oC4CJpjDCQuTkH6Qf1g
12,Sanatorio Anchorena Recoleta,Sanatorio,CABA,767,https://www.linkedin.com/company/61385285/,https://www.linkedin.com/sales/company/61385285,Francisco Longo,Director general,1,★,https://www.linkedin.com/sales/lead/ACwAABkdfg8BBUKT23K-HCo-lJRFGxoXLJtjuxs
12,Sanatorio Anchorena Recoleta,Sanatorio,CABA,767,https://www.linkedin.com/company/61385285/,https://www.linkedin.com/sales/company/61385285,Dante Intile,Director médico,1,2.º,https://www.linkedin.com/sales/lead/ACwAABCL1P0BH2NaFvMSl2VgbVZ9iq1fNflbJDM
12,Sanatorio Anchorena Recoleta,Sanatorio,CABA,767,https://www.linkedin.com/company/61385285/,https://www.linkedin.com/sales/company/61385285,Natalia Bargas,Gerente de Administración y Operaciones,1,,https://www.linkedin.com/sales/lead/ACwAAAJMjSkB3v5xYllV3N63Y33GacJJbMweryw
12,Sanatorio Anchorena Recoleta,Sanatorio,CABA,767,https://www.linkedin.com/company/61385285/,https://www.linkedin.com/sales/company/61385285,Lucas Nuñez,Admisiones,4,,https://www.linkedin.com/sales/lead/ACwAADQ_P1MBpQa3vyQwM6lpoqjKEwF9VX-oggg
13,Sanatorio Colegiales,Sanatorio,CABA,784,https://www.linkedin.com/company/2131592/,https://www.linkedin.com/sales/company/2131592,Eduardo Zalis,Director,1,★,https://www.linkedin.com/sales/lead/ACwAAASfFWUBsF-MJEjFRSsKMSMzcipK9Ci-FMg
13,Sanatorio Colegiales,Sanatorio,CABA,784,https://www.linkedin.com/company/2131592/,https://www.linkedin.com/sales/company/2131592,Federico Alem,Director médico,1,2.º,https://www.linkedin.com/sales/lead/ACwAADQSn74BaRwuQxx0bGjUm-MhbK9UuZBxO5U
13,Sanatorio Colegiales,Sanatorio,CABA,784,https://www.linkedin.com/company/2131592/,https://www.linkedin.com/sales/company/2131592,Sebastian Bargas,Jefe comercial,4,,https://www.linkedin.com/sales/lead/ACwAADs_Gb8BPsS7LAMmIUNTmRnceJ_T0CP-ifY
13,Sanatorio Colegiales,Sanatorio,CABA,784,https://www.linkedin.com/company/2131592/,https://www.linkedin.com/sales/company/2131592,Carla Maciel,Coordinadora de Calidad de Servicio,4,,https://www.linkedin.com/sales/lead/ACwAAChaEOoBTajFVXsGinJ1w3uL9gX-TrcTZwA
14,Sanatorio Juncal,Sanatorio,Temperley (GBA),603,https://www.linkedin.com/company/35714617/,https://www.linkedin.com/sales/company/35714617,Diego Marucco,Gerente General,1,★,https://www.linkedin.com/sales/lead/ACwAAAh_HgkBG4bRfsRMqjd2JbGOh2T1tKCP53k
15,Sanatorio del Oeste,Sanatorio,GBA oeste,515,https://www.linkedin.com/company/72040172/,https://www.linkedin.com/sales/company/72040172,Pablo Marucho,Director Médico Ejecutivo,1,★,https://www.linkedin.com/sales/lead/ACwAAEHH8WoBenA2BFf7swBq-H9MjS_huh-zfrM
15,Sanatorio del Oeste,Sanatorio,GBA oeste,515,https://www.linkedin.com/company/72040172/,https://www.linkedin.com/sales/company/72040172,Juan Martín Sili,Gerente de operaciones,1,2.º,https://www.linkedin.com/sales/lead/ACwAAB6Y01sBCWLrT8UwdRiZ3W7J4pGBzZ0cDQ0
15,Sanatorio del Oeste,Sanatorio,GBA oeste,515,https://www.linkedin.com/company/72040172/,https://www.linkedin.com/sales/company/72040172,Martín Araoz,Gerente de sistemas,3,,https://www.linkedin.com/sales/lead/ACwAACyo-YoB81d4CSFoOzVaUAbPSicKMprQ9hI
15,Sanatorio del Oeste,Sanatorio,GBA oeste,515,https://www.linkedin.com/company/72040172/,https://www.linkedin.com/sales/company/72040172,Matías Pereyra Rozas,Gerente comercial,4,,https://www.linkedin.com/sales/lead/ACwAAAGFRowBwj39xXb4jR0P1dq7ioLG8Ujjs10
16,Sanatorio Clínica Modelo de Morón,Sanatorio,Morón (GBA),534,https://www.linkedin.com/company/76133013/,https://www.linkedin.com/sales/company/76133013,José Luis Leone,Director Médico,1,★,https://www.linkedin.com/sales/lead/ACwAAAXcH6QBB1WNVDOHHr95JtmWzxBLK1dqKp8
16,Sanatorio Clínica Modelo de Morón,Sanatorio,Morón (GBA),534,https://www.linkedin.com/company/76133013/,https://www.linkedin.com/sales/company/76133013,Gustavo Borello,Director médico,1,2.º,https://www.linkedin.com/sales/lead/ACwAAE0UnJ4BAtPM0N8jmQ8FoAceCwxgvmHhCUk
16,Sanatorio Clínica Modelo de Morón,Sanatorio,Morón (GBA),534,https://www.linkedin.com/company/76133013/,https://www.linkedin.com/sales/company/76133013,Jorge Diego Aza,Jefe Área Administrativa/Sistemas,3,,https://www.linkedin.com/sales/lead/ACwAAASSyKYB3Ggj4z6CSzQKpAEG-v0mlZXyy6M
16,Sanatorio Clínica Modelo de Morón,Sanatorio,Morón (GBA),534,https://www.linkedin.com/company/76133013/,https://www.linkedin.com/sales/company/76133013,Santiago Vadillo,Gerente comercial,4,,https://www.linkedin.com/sales/lead/ACwAAA1Le1QBskD0PKoheOwsIWP1uj-g8oGgvFk
17,Sanatorio Modelo Quilmes,Sanatorio,Quilmes (GBA),522,https://www.linkedin.com/company/2434957/,https://www.linkedin.com/sales/company/2434957,Guillermo Malah,Gerente de Abastecimiento y Director,1,★,https://www.linkedin.com/sales/lead/ACwAAAKaCXMBU0HAtMJaBlS-AA0gJtrYOQOMd9M
17,Sanatorio Modelo Quilmes,Sanatorio,Quilmes (GBA),522,https://www.linkedin.com/company/2434957/,https://www.linkedin.com/sales/company/2434957,Martín Fogola,Gerente Administrativo,4,2.º,https://www.linkedin.com/sales/lead/ACwAAASYkmIBD9Gk6cvNDhV--5JI-XJLpwic65s
18,Clínica Adventista Belgrano,Clínica,CABA,475,https://www.linkedin.com/company/7263692/,https://www.linkedin.com/sales/company/7263692,Milton Rodríguez Müller,Director médico,1,★,https://www.linkedin.com/sales/lead/ACwAADmLAEMBAGQTrOZk-ypnN4UFwjAJUhQIeR8
18,Clínica Adventista Belgrano,Clínica,CABA,475,https://www.linkedin.com/company/7263692/,https://www.linkedin.com/sales/company/7263692,Jorge Martínez,Jefe de Sistemas/TI,3,2.º,https://www.linkedin.com/sales/lead/ACwAAAfx-KEB_uw00HfdB7dnPNTvVhMxN_Opa4o
19,Sanatorio Británico (Rosario),Sanatorio,Rosario,714,https://www.linkedin.com/company/33291950/,https://www.linkedin.com/sales/company/33291950,Lourdes Vázquez,Gerente financiero y administrativo,4,★,https://www.linkedin.com/sales/lead/ACwAABMjVM4Bh-sJ8h892q6J31jyC8SP74FTqzM
19,Sanatorio Británico (Rosario),Sanatorio,Rosario,714,https://www.linkedin.com/company/33291950/,https://www.linkedin.com/sales/company/33291950,Isabel Iberbuden,Jefe de operaciones farmacéuticas,4,2.º,https://www.linkedin.com/sales/lead/ACwAAD5A2DIBpogUHYn0rLwMuK9dlEDmG6Tvj8g
20,Clínica Universitaria Reina Fabiola (Córdoba),Clínica universitaria,Córdoba,928,https://www.linkedin.com/company/33224515/,https://www.linkedin.com/sales/company/33224515,María Belén Jávega,Gerente de Calidad y Operaciones,1,★,https://www.linkedin.com/sales/lead/ACwAAAhP9sUBr3UJHzPk8on6k6bNhQff1sD6jak
20,Clínica Universitaria Reina Fabiola (Córdoba),Clínica universitaria,Córdoba,928,https://www.linkedin.com/company/33224515/,https://www.linkedin.com/sales/company/33224515,Larisa Stuyck,Responsable de sistemas,3,2.º,https://www.linkedin.com/sales/lead/ACwAAAEcPDMB7-cudwcBDa8ESQxF5XishdcLSrQ
21,DIM Centros de Salud,Red de +15 centros,GBA oeste y CABA,725,https://www.linkedin.com/company/307817/,https://www.linkedin.com/sales/company/307817,Oscar Montaña,Director General,1,★,https://www.linkedin.com/sales/lead/ACwAAALH4SABJUyV9dgKDEETh873Ah-497q4rtE
21,DIM Centros de Salud,Red de +15 centros,GBA oeste y CABA,725,https://www.linkedin.com/company/307817/,https://www.linkedin.com/sales/company/307817,Jésica Xammar,Gerente de Operaciones,1,2.º,https://www.linkedin.com/sales/lead/ACwAADaamJkBJLLiqOXJ97BpiBw-xSo5K3Cc5wY
21,DIM Centros de Salud,Red de +15 centros,GBA oeste y CABA,725,https://www.linkedin.com/company/307817/,https://www.linkedin.com/sales/company/307817,Adriana Casadei,Directora Médica,1,,https://www.linkedin.com/sales/lead/ACwAADBEveABf2H14ZGyjAHosXTKriU1gh8TRMQ
22,Grupo Gamma (Rosario),Red de salud,Rosario,687,https://www.linkedin.com/company/381309/,https://www.linkedin.com/sales/company/381309,Luciano Tourn,CEO,1,★,https://www.linkedin.com/sales/lead/ACwAAAAK_h8Bf14hqfKQSUpHLapafupbsKUhSYA
22,Grupo Gamma (Rosario),Red de salud,Rosario,687,https://www.linkedin.com/company/381309/,https://www.linkedin.com/sales/company/381309,Adrián Maestrojuan,Gerente General,1,2.º,https://www.linkedin.com/sales/lead/ACwAAAlckIoBUcdBSHCQvfGFsmAvEdnOnN90e_c
22,Grupo Gamma (Rosario),Red de salud,Rosario,687,https://www.linkedin.com/company/381309/,https://www.linkedin.com/sales/company/381309,Jorge Navone,Director de Operaciones,1,,https://www.linkedin.com/sales/lead/ACwAAB7LKPQB9aOPcsQrwk2SrXk8xfllceFv5K4
22,Grupo Gamma (Rosario),Red de salud,Rosario,687,https://www.linkedin.com/company/381309/,https://www.linkedin.com/sales/company/381309,Natalia Nicola,Jefa de Sistemas y Aplicaciones,3,,https://www.linkedin.com/sales/lead/ACwAAAK6-FoBN-jaZwEVBj5Ibo5q0xmZWK6Wj7Q
23,Centro Médico Integral Fitz Roy,Medicina laboral,CABA,570,https://www.linkedin.com/company/9301981/,https://www.linkedin.com/sales/company/9301981,Iván Schusterhoff,Director de operaciones,1,★,https://www.linkedin.com/sales/lead/ACwAADtptNoBD0Jh3a0OOwC2BVsQU_G_WdLc3eM
23,Centro Médico Integral Fitz Roy,Medicina laboral,CABA,570,https://www.linkedin.com/company/9301981/,https://www.linkedin.com/sales/company/9301981,Maximiliano Gastón P.,Jefe de Personas y Calidad Institucional,4,2.º,https://www.linkedin.com/sales/lead/ACwAAASmaMQBWcIhD8tggb_eRswZd86pQy5Ks6I
24,TCba Centro de Diagnóstico,Diagnóstico por imágenes,CABA,460,https://www.linkedin.com/company/61194/,https://www.linkedin.com/sales/company/61194,Alberto San Miguel,Director General,1,★,https://www.linkedin.com/sales/lead/ACwAAD36R0gB3vjAEdb3ZNSSdmjl0oFTYGeiFw0
24,TCba Centro de Diagnóstico,Diagnóstico por imágenes,CABA,460,https://www.linkedin.com/company/61194/,https://www.linkedin.com/sales/company/61194,Magali Hovsepian,Directora Médica Operativa,1,2.º,https://www.linkedin.com/sales/lead/ACwAABcOUXkBVd4aCNFfiRrOKEGtzO_mxl9kgrU
25,Centro Rossi,Diagnóstico por imágenes,CABA,867,https://www.linkedin.com/company/942616/,https://www.linkedin.com/sales/company/942616,Mariana Croci,Gerente de Operaciones,1,★,https://www.linkedin.com/sales/lead/ACwAAAOGyjIB-RjwzG7HC5mqQsRgKPSgJPsOZjo
25,Centro Rossi,Diagnóstico por imágenes,CABA,867,https://www.linkedin.com/company/942616/,https://www.linkedin.com/sales/company/942616,Lucas Miño,Director de tecnología,3,2.º,https://www.linkedin.com/sales/lead/ACwAAAd6KxoBWGvKMZhHGTvjMomGvO_eY2qZNLE
25,Centro Rossi,Diagnóstico por imágenes,CABA,867,https://www.linkedin.com/company/942616/,https://www.linkedin.com/sales/company/942616,Fernando Pulella,Gerente Administrativo Financiero,4,,https://www.linkedin.com/sales/lead/ACwAAAh3L9QBoUas33wGktZS-EQsbhpTgwLnNqE
26,CentraLab,Laboratorio,—,439,https://www.linkedin.com/company/835616/,https://www.linkedin.com/sales/company/835616,Patricio Herrmann,Director,1,★,https://www.linkedin.com/sales/lead/ACwAADBnhvIBPZn1QbpW_4upuy9mKCrZr6WvAcw
26,CentraLab,Laboratorio,—,439,https://www.linkedin.com/company/835616/,https://www.linkedin.com/sales/company/835616,Pablo Menéndez,Director,1,2.º,https://www.linkedin.com/sales/lead/ACwAAAS_vCoByfZ3Pl4MVEZucI4-5t2kZCcRWoU
26,CentraLab,Laboratorio,—,439,https://www.linkedin.com/company/835616/,https://www.linkedin.com/sales/company/835616,Daniel H. Rey,CIO,3,,https://www.linkedin.com/sales/lead/ACwAAADUOhAB9KMQakcOAXTUdSdbENcr1FjiOCU
27,DENTAL TOTAL,Red odontológica,—,459,https://www.linkedin.com/company/16163769/,https://www.linkedin.com/sales/company/16163769,Pablo Sebastián Ansó,Director,1,★,https://www.linkedin.com/sales/lead/ACwAAAWy-1UBgNI70iIiDJS-50SzgIoCwEKoUZk
27,DENTAL TOTAL,Red odontológica,—,459,https://www.linkedin.com/company/16163769/,https://www.linkedin.com/sales/company/16163769,Mariana Delfino,Gerente Comercial,4,2.º,https://www.linkedin.com/sales/lead/ACwAAANNnjgBD7UzARt4HZnHzoIR8OblZZcW0gM
28,IADT (Instituto Argentino de Diagnóstico y Tratamiento),Diagnóstico y tratamiento,CABA,,https://www.linkedin.com/company/1685985/,https://www.linkedin.com/sales/company/1685985,Jerónimo Gallo,Director,1,★,https://www.linkedin.com/sales/lead/ACwAAAZehWsBaq2xkVeCBSdHIvpiI0oQ833wi80
28,IADT (Instituto Argentino de Diagnóstico y Tratamiento),Diagnóstico y tratamiento,CABA,,https://www.linkedin.com/company/1685985/,https://www.linkedin.com/sales/company/1685985,Jesús Manuel Rocha Bidegain,"Gerente de Tecnología, Innovación y Desarrollo",3,2.º,https://www.linkedin.com/sales/lead/ACwAAABfqi8BUzQ7cD_SkGzTu42jSKT82WHomvY
28,IADT (Instituto Argentino de Diagnóstico y Tratamiento),Diagnóstico y tratamiento,CABA,,https://www.linkedin.com/company/1685985/,https://www.linkedin.com/sales/company/1685985,Vanesa Caba,Gerente de Administración y Finanzas,4,,https://www.linkedin.com/sales/lead/ACwAAAtsJJgBHRbU95bUEkc-v1_pyIH0Wbv_YIM
29,Prevención Salud (Grupo Sancor),Prepaga,—,844,https://www.linkedin.com/company/3628947/,https://www.linkedin.com/sales/company/3628947,Hugo Pow Sang,Director ejecutivo,1,2.º,https://www.linkedin.com/sales/lead/ACwAACvNT7QBf-C-7wDmNx7UFdM5YDbiPCPHl7U
29,Prevención Salud (Grupo Sancor),Prepaga,—,844,https://www.linkedin.com/company/3628947/,https://www.linkedin.com/sales/company/3628947,Carolina Kañevsky,Gerente de Operaciones,1,,https://www.linkedin.com/sales/lead/ACwAADeLavMBNDwCFAxCrax5nfRRHGBXeZQPfkg
29,Prevención Salud (Grupo Sancor),Prepaga,—,844,https://www.linkedin.com/company/3628947/,https://www.linkedin.com/sales/company/3628947,Fiorela Zaugg,Jefe del servicio de atención al cliente,2,★,https://www.linkedin.com/sales/lead/ACwAACahSEIBzr3WqsRaf5W-jKIpYRJPs20TWyk
30,RED BASA,Red prestacional,—,456,https://www.linkedin.com/company/52166203/,https://www.linkedin.com/sales/company/52166203,María Teresita Ithurburu,Directora,1,2.º,https://www.linkedin.com/sales/lead/ACwAAFT-Zb4B_TzDY_V_c8djc7nBsNpAg7z9-vs
30,RED BASA,Red prestacional,—,456,https://www.linkedin.com/company/52166203/,https://www.linkedin.com/sales/company/52166203,Daniela Sol Battista,Gerente de gestión y atención al paciente,2,★,https://www.linkedin.com/sales/lead/ACwAACsbzncBHs1V-UwQxWcQkW6Op_syqU4-QO0
31,Nobis (Córdoba),Prepaga,Córdoba,,https://www.linkedin.com/company/40675262/,https://www.linkedin.com/sales/company/40675262,Gastón Ceballos,Gerente general,1,2.º,https://www.linkedin.com/sales/lead/ACwAABNe0LEB8d5SF7CMC6-c2tYszR6NkB03Rdk
31,Nobis (Córdoba),Prepaga,Córdoba,,https://www.linkedin.com/company/40675262/,https://www.linkedin.com/sales/company/40675262,Ana Julia Capuccino,Gerente de Experiencia del cliente,2,★,https://www.linkedin.com/sales/lead/ACwAAATdRQgByoPYqIqLM29B7MJRvb7pLmLNmug
31,Nobis (Córdoba),Prepaga,Córdoba,,https://www.linkedin.com/company/40675262/,https://www.linkedin.com/sales/company/40675262,Andrés Ianardi,Jefe de experiencia al afiliado,2,,https://www.linkedin.com/sales/lead/ACwAACg4_2QB1Stvf1SVcsqMZg1_7v0nVrFKmWU
32,Mutual Jerárquicos (Rosario),Mutual de salud,Rosario,850,https://www.linkedin.com/company/2565161/,https://www.linkedin.com/sales/company/2565161,Daniel A. Maina,Subgerente de Sistemas,3,★,https://www.linkedin.com/sales/lead/ACwAAAY6tlsBu6TRpQ-inbRSDuUtAHq7y56wTPs
32,Mutual Jerárquicos (Rosario),Mutual de salud,Rosario,850,https://www.linkedin.com/company/2565161/,https://www.linkedin.com/sales/company/2565161,Eduardo Oliva,IT Manager,3,2.º,https://www.linkedin.com/sales/lead/ACwAABxC3MsBU1VgN5erByhHG-wiGfwOmIRY994
33,Federada Salud,Prepaga,—,702,https://www.linkedin.com/company/7138875/,https://www.linkedin.com/sales/company/7138875,Alicia Alejandra Soazo,Gerente Médica,1,★,https://www.linkedin.com/sales/lead/ACwAACFk-hsBz1IqLSyUOOQn1JVoRsCKWF8Xr90
33,Federada Salud,Prepaga,—,702,https://www.linkedin.com/company/7138875/,https://www.linkedin.com/sales/company/7138875,Julián César Martino,Gerente de Transformación Digital,3,2.º,https://www.linkedin.com/sales/lead/ACwAAAOJr78BS51K8jvjODKCL_UAfB689M4u2fw
33,Federada Salud,Prepaga,—,702,https://www.linkedin.com/company/7138875/,https://www.linkedin.com/sales/company/7138875,Mariano Rafael Masciocchi,Gerente Comercial Regional,4,,https://www.linkedin.com/sales/lead/ACwAAAHyhEwBBHWTMsK2oKC-YfbF40wpxxvOXkU
34,Leben Salud (Grupo Schroeder),Red de salud,—,704,https://www.linkedin.com/company/24969773/,https://www.linkedin.com/sales/company/24969773,Francisco Ruiz,Gerente de operaciones,1,★,https://www.linkedin.com/sales/lead/ACwAAAQtz_MBuj3pz0maEA0z0a14W5eva6Gse14
34,Leben Salud (Grupo Schroeder),Red de salud,—,704,https://www.linkedin.com/company/24969773/,https://www.linkedin.com/sales/company/24969773,Santiago Castellanos,Jefe de infraestructura TI Corporativo,3,2.º,https://www.linkedin.com/sales/lead/ACwAAAVLQr0BLn9iuj6MnpaJ97PQd_I9LGK_uZQ
35,Unión Personal / Accord Salud,Obra social,—,919,https://www.linkedin.com/company/1203815/,https://www.linkedin.com/sales/company/1203815,Beatriz Armand Ugon,Gerente de Sistemas y Tecnología,3,★,https://www.linkedin.com/sales/lead/ACwAAABIoIgBAkj7w9nJ8O0b0XMoyFkT8JLnohc
35,Unión Personal / Accord Salud,Obra social,—,919,https://www.linkedin.com/company/1203815/,https://www.linkedin.com/sales/company/1203815,Oscar Héctor Monzón,Subgerente de Sistemas,3,2.º,https://www.linkedin.com/sales/lead/ACwAAAeRRCIBgInVOiqvSuLs1NvN_OxBMUlpUAM
36,OSPe (Obra Social de Petroleros),Obra social,—,491,https://www.linkedin.com/company/10514324/,https://www.linkedin.com/sales/company/10514324,Fernando Domínguez,Responsable de TI,3,★,https://www.linkedin.com/sales/lead/ACwAAAgoef0B8wy1gTlCmv-xclNNR47gSFyoj50
37,Obra Social Luis Pasteur,Obra social,—,702,https://www.linkedin.com/company/10642305/,https://www.linkedin.com/sales/company/10642305,Andrea Souto,Gerente general,1,★,https://www.linkedin.com/sales/lead/ACwAAAwDa58BPman37fShIzpCiHFa1u1DHTQaXo
37,Obra Social Luis Pasteur,Obra social,—,702,https://www.linkedin.com/company/10642305/,https://www.linkedin.com/sales/company/10642305,Pedro Giacomossi,Director médico,1,2.º,https://www.linkedin.com/sales/lead/ACwAAC3nbDIBAydswIlP04jXTnqcogdAUJ9QCSs
37,Obra Social Luis Pasteur,Obra social,—,702,https://www.linkedin.com/company/10642305/,https://www.linkedin.com/sales/company/10642305,Gustavo Pepe,Gerente de Sistemas,3,,https://www.linkedin.com/sales/lead/ACwAAABfQ5wBodM5vePsGSYNE5pwAZAQNiFnBXE
37,Obra Social Luis Pasteur,Obra social,—,702,https://www.linkedin.com/company/10642305/,https://www.linkedin.com/sales/company/10642305,Ezequiel Andolina,Gerente comercial,4,,https://www.linkedin.com/sales/lead/ACwAAA9rpGkBae5aVUA0k25btM0d6Gh2OWm8Y40
