call_id,paso,concurrencia_obj,t_prog,t_inicio,t_conectado,saludo_s,t_fin,turnos_plan,turnos_cliente,turnos_server,turnos_sin_resp,status,ended_reason,error,mic_lag_max_s,workflow_status,outcome,wer,cortes
94a444fc-2fe0-4edc-855a-ac2ac1f768b6,e0_4,4,1790384225.222,1790384225.222,1790384225.418,1.204,1790384286.344,4,4,4,0,finalizada,customer_hangup,,0.0,active,,0.0,3
460254a6-0e0c-49e3-8254-d8322de5fd50,e0_4,4,1790384253.526,1790384253.526,1790384253.721,1.182,1790384317.924,5,5,5,0,finalizada,customer_hangup,,0.0,completed,,0.062,4
4216babb-1080-45d5-9b65-f7920ad28096,e0_4,4,1790384250.4,1790384250.401,1790384250.594,0.988,1790384320.857,4,4,4,0,finalizada,customer_hangup,,0.0,completed,,0.042,7
c4564625-aa24-48d5-9991-10367eb837e6,e0_4,4,1790384215.248,1790384215.25,1790384215.474,1.098,1790384324.289,7,7,7,0,finalizada,customer_hangup,,0.0,active,,0.028,14
124ae556-3360-4ad3-88d2-f123f4aa77ea,e0_4,4,1790384256.065,1790384256.066,1790384256.258,0.994,1790384410.657,8,8,8,0,finalizada,customer_hangup,,0.0,active,,0.027,19
54556a3c-cb9a-40d5-8781-64904feff601,e1_8,8,1790384358.78,1790384358.803,1790384359.065,3.412,1790384421.933,4,4,4,0,finalizada,customer_hangup,,0.0,active,,0.067,1
1dff57b4-2cc0-438c-a671-5a3a5e264368,e1_8,8,1790384402.307,1790384402.308,1790384402.502,0.955,1790384466.663,4,4,4,0,finalizada,customer_hangup,,0.0,completed,,0.036,5
09e1ae39-c326-4cb2-a75d-1d8c8f8f7858,e1_8,8,1790384374.261,1790384374.262,1790384374.504,3.433,1790384482.057,8,8,8,0,finalizada,customer_hangup,,0.0,active,,0.065,7
5eff1026-9bff-4da5-8421-0254ce52089c,e1_8,8,1790384445.171,1790384445.172,1790384445.364,1.013,1790384509.266,4,4,4,0,finalizada,customer_hangup,,0.0,completed,,0.08,2
911a5d33-5f38-4173-8391-82743b290051,e1_8,8,1790384433.191,1790384433.192,1790384433.385,0.942,1790384509.231,5,5,5,0,finalizada,customer_hangup,,0.0,completed,,0.273,7
d369fbb5-97bd-4719-9c49-8831c30ed48e,e1_8,8,1790384454.985,1790384454.986,1790384455.239,3.499,1790384533.246,5,5,5,0,finalizada,customer_hangup,,0.0,active,,0.0,5
5378a8be-460f-44d4-8261-0fe1c78d780c,e2_16,16,1790384480.979,1790384480.98,1790384481.166,1.035,1790384539.616,4,4,4,0,finalizada,customer_hangup,,0.0,active,,0.0,3
299d5e45-43b6-4176-a896-fae3944bf38c,e2_16,16,1790384482.638,1790384482.639,1790384482.824,1.166,1790384557.623,5,5,5,0,finalizada,customer_hangup,,0.0,active,,0.03,6
452a21a7-7528-42f1-8be8-f052f4238c26,e2_16,16,1790384487.3,1790384487.3,1790384487.492,0.909,1790384562.079,6,6,6,0,finalizada,customer_hangup,,0.0,completed,,0.077,4
23c50574-2210-4f6c-b4b0-5547ad1175f8,e2_16,16,1790384465.731,1790384465.732,1790384465.925,0.995,1790384567.791,7,7,7,0,finalizada,customer_hangup,,0.0,completed,,0.02,8
280a3747-f20b-45e6-a2ab-4730ce3d13fc,e2_16,16,1790384457.069,1790384457.07,1790384457.329,3.411,1790384579.714,8,8,8,0,finalizada,customer_hangup,,0.0,completed,,0.033,9
ede7ac2e-4380-49c1-878f-aab093414a6a,e2_16,16,1790384508.289,1790384508.289,1790384508.481,1.18,1790384586.039,6,6,6,0,finalizada,customer_hangup,,0.0,active,,0.034,7
eaabf59a-bf70-4d80-a28c-454e03b67413,e2_16,16,1790384559.265,1790384559.265,1790384559.452,0.969,1790384616.227,4,4,4,0,finalizada,customer_hangup,,0.0,active,,0.0,5
3cf40371-8275-41db-89c4-4f9a8dcb1303,e2_16,16,1790384555.324,1790384555.324,1790384555.514,1.257,1790384629.457,6,6,6,0,finalizada,customer_hangup,,0.0,active,,0.136,3
d62dc1f9-d3b0-46e4-91a9-d51fc6283f85,e2_16,16,1790384550.947,1790384550.948,1790384551.184,1.277,1790384641.802,6,6,6,0,finalizada,customer_hangup,,0.0,completed,,0.03,4
94a2c2bc-7b51-4097-b375-cd27d159f79a,e2_16,16,1790384530.203,1790384530.203,1790384530.448,3.682,1790384644.807,8,8,8,0,finalizada,customer_hangup,,0.0,active,,0.015,7
faeb48ba-c4e4-4a61-af7e-13598504d094,e2_16,16,1790384540.913,1790384540.913,1790384541.118,1.003,1790384655.361,5,5,5,0,finalizada,customer_hangup,,0.0,active,,0.0,11
21a8cd22-15c2-4585-bdda-8678986d4eaa,e2_16,16,1790384575.182,1790384575.182,1790384575.374,0.976,1790384698.181,7,7,7,0,finalizada,customer_hangup,,0.0,active,,0.057,12
8576cfc5-5d8f-43e4-883b-e093e4a5a21e,e2_16,16,1790384476.944,1790384476.945,1790384477.142,0.996,1790384550.588,6,6,6,0,finalizada,customer_hangup,,0.0,completed,,0.024,1
ef21682e-fb97-49db-879f-0b5070b3b68a,e2_16,16,1790384460.64,1790384460.646,1790384460.864,0.954,1790384560.885,5,5,5,0,finalizada,customer_hangup,,0.0,active,,0.018,5
ba8ccd20-2c91-4cd5-94ab-e3105ff93dcc,e2_16,16,1790384482.01,1790384482.01,1790384482.251,3.396,1790384575.44,6,6,6,0,finalizada,customer_hangup,,0.0,active,,0.036,7
20e2b0fd-0595-4c31-bcfe-8c51398d64d6,e2_16,16,1790384503.427,1790384503.427,1790384503.622,0.956,1790384588.972,5,5,5,0,finalizada,customer_hangup,,0.0,active,,0.0,4
cd3f5ee8-a4ed-4029-bd26-5a2b3275ba50,e2_16,16,1790384485.285,1790384485.287,1790384485.476,1.481,1790384591.459,7,7,7,0,finalizada,customer_hangup,,0.0,active,,0.0,8
820978fb-3924-4db6-9d62-3274ca1abc10,e2_16,16,1790384509.892,1790384509.892,1790384510.134,1.484,1790384597.883,6,6,6,0,finalizada,customer_hangup,,0.0,active,,0.143,8
9250d084-8fe0-4dae-90b7-fd1413b8c6d0,e2_16,16,1790384533.807,1790384533.807,1790384533.996,1.142,1790384604.682,4,4,4,0,finalizada,customer_hangup,,0.0,active,,0.038,7
f46065c9-b3e6-4649-9b8a-83c8758b30c9,e2_16,16,1790384554.982,1790384554.983,1790384555.177,1.251,1790384648.175,6,6,6,0,finalizada,customer_hangup,,0.0,completed,,0.0,9
c6dc30ef-9ddc-4859-8179-91bf1c9f1171,e2_16,16,1790384548.649,1790384548.649,1790384548.837,1.301,1790384651.62,7,7,7,0,finalizada,customer_hangup,,0.0,active,,0.0,7
fca06fc7-2170-42ab-88e9-9e2cd14cc0c6,e2_16,16,1790384572.636,1790384572.637,1790384572.825,0.993,1790384662.365,5,5,5,0,finalizada,customer_hangup,,0.0,completed,,0.103,5
2e5f39ec-fe22-4f26-ab81-9b3cc41cad0c,e2_16,16,1790384558.557,1790384558.557,1790384558.795,3.393,1790384678.071,8,8,8,0,finalizada,customer_hangup,,0.0,active,,0.019,6
f2163bc9-b252-44bf-9e10-bf823f7ff3fc,e3_32,32,1790384584.583,1790384584.584,1790384584.842,3.476,1790384666.133,5,5,5,0,finalizada,customer_hangup,,0.0,active,,0.0,5
a1b3c90e-853c-40d6-b3d3-a4df8ffd4f44,e3_32,32,1790384598.941,1790384598.942,1790384599.136,1.332,1790384669.99,5,5,5,0,finalizada,customer_hangup,,0.0,completed,,0.0,3
e01c075f-21b2-4cd8-a6e4-4255fa8baa97,e3_32,32,1790384607.411,1790384607.411,1790384607.611,1.547,1790384687.764,5,5,5,0,finalizada,customer_hangup,,0.0,active,,0.067,5
ccf73dc9-50d9-40c3-99f8-80cb67b317d8,e3_32,32,1790384592.841,1790384592.842,1790384593.036,1.472,1790384692.331,7,7,7,0,finalizada,customer_hangup,,0.0,active,,0.074,8
b84c3e85-0cc5-4747-9b6c-6af9aeea72d5,e3_32,32,1790384617.825,1790384617.826,1790384618.018,1.38,1790384708.334,6,6,6,0,finalizada,customer_hangup,,0.0,active,,0.021,7
f3f573c5-df6b-4c32-98ad-6f8c0c43fc3a,e3_32,32,1790384636.55,1790384636.551,1790384636.75,1.148,1790384713.52,5,5,5,0,finalizada,customer_hangup,,0.0,completed,,0.024,6
07a6caa8-ec2c-43f3-acac-63d589bcbfad,e3_32,32,1790384654.71,1790384654.711,1790384654.903,1.545,1790384723.71,4,4,4,0,finalizada,customer_hangup,,0.0,active,,0.062,3
0dc1e1e4-b243-463c-8ba7-f7ee805b85d7,e3_32,32,1790384649.954,1790384649.955,1790384650.199,1.669,1790384759.879,8,8,8,0,finalizada,customer_hangup,,0.0,active,,0.025,6
203f560c-9384-490b-9f5a-16d41ae01837,e3_32,32,1790384674.749,1790384674.749,1790384674.99,2.289,1790384761.525,5,5,5,0,finalizada,customer_hangup,,0.0,active,,0.042,3
0bbf9151-48fd-40a4-9487-4d7aa3f246a3,e3_32,32,1790384663.733,1790384663.733,1790384663.929,1.819,1790384786.467,8,8,8,0,finalizada,customer_hangup,,0.0,completed,,0.04,5
9442b394-2846-4bf8-a9aa-b5393997e80a,e3_32,32,1790384689.109,1790384689.109,1790384689.303,2.035,1790384794.096,8,8,8,0,finalizada,customer_hangup,,0.0,active,,0.042,5
c6b2307e-970c-4ac5-9c4f-9459a222296e,e3_32,32,1790384684.354,1790384684.354,1790384684.595,1.353,1790384793.375,5,5,5,0,finalizada,customer_hangup,,0.0,active,,0.029,7
8de7c670-9ff5-4fb8-bd5e-ca673d0418da,e3_32,32,1790384691.805,1790384691.806,1790384692.016,2.072,1790384826.833,8,8,8,0,finalizada,customer_hangup,,0.0,active,,0.0,14
1109ca03-6b6f-42fa-84ac-a311b0cab838,e3_32,32,1790384611.962,1790384611.963,1790384612.173,1.265,1790384671.626,5,5,5,0,finalizada,customer_hangup,,0.0,active,,0.4,4
b80eddf1-4ed5-41e6-8f2f-d0c780f4ef7b,e3_32,32,1790384587.098,1790384587.108,1790384587.316,1.122,1790384700.243,6,6,6,0,finalizada,customer_hangup,,0.0,completed,,0.026,13
2f3432ff-7acd-4c15-819b-6687288600ea,e3_32,32,1790384592.858,1790384592.858,1790384593.049,1.689,1790384702.933,8,8,8,0,finalizada,customer_hangup,,0.0,active,,0.025,6
a41616e6-a4ec-4e04-98c4-420acc41540d,e3_32,32,1790384600.541,1790384600.542,1790384600.739,1.249,1790384702.298,7,7,7,0,finalizada,customer_hangup,,0.0,active,,0.036,5
9c596a09-df24-4794-8c8d-60bb0ffa7430,e3_32,32,1790384620.42,1790384620.421,1790384620.608,1.37,1790384715.742,6,6,6,0,finalizada,customer_hangup,,0.0,completed,,0.091,8
445a847e-e6aa-4f9b-bf24-ef8fe3ef829c,e3_32,32,1790384651.745,1790384651.746,1790384651.948,1.35,1790384714.871,4,4,4,0,finalizada,customer_hangup,,0.0,active,,0.05,5
4c5f3e02-9792-4d17-ab0c-a73963aff443,e3_32,32,1790384642.096,1790384642.096,1790384642.291,1.227,1790384739.363,6,6,6,0,finalizada,customer_hangup,,0.0,completed,,0.049,7
d678a404-cada-45dd-b5cc-307865450ad0,e3_32,32,1790384665.783,1790384665.784,1790384665.977,1.971,1790384736.754,5,5,5,0,finalizada,customer_hangup,,0.0,active,,0.071,4
578391e6-3eb5-4012-9471-d18217d00248,e3_32,32,1790384688.331,1790384688.332,1790384688.537,1.832,1790384750.042,4,4,4,0,finalizada,customer_hangup,,0.0,active,,0.167,1
660a28b2-8eba-4369-856c-7b06fa001e25,e3_32,32,1790384689.326,1790384689.326,1790384689.524,2.314,1790384770.187,5,5,5,0,finalizada,customer_hangup,,0.0,active,,0.061,5
643307bc-fa2b-4177-aa7c-39cff8ea12b3,e3_32,32,1790384654.868,1790384654.869,1790384655.062,1.526,1790384783.847,8,8,8,0,finalizada,customer_hangup,,0.0,completed,,0.018,10
738d3994-03b1-4430-b455-f44440381cc3,e3_32,32,1790384677.445,1790384677.446,1790384677.635,2.584,1790384822.528,7,7,7,0,finalizada,customer_hangup,,0.0,active,,0.0,14
e843ec7c-1160-4008-b671-bca352bc9a12,e3_32,32,1790384593.061,1790384593.062,1790384593.247,1.412,1790384646.503,4,4,4,0,finalizada,customer_hangup,,0.0,completed,,0.069,3
4f41b7a8-fec5-44f9-b8f0-1e4c0cfff009,e3_32,32,1790384601.469,1790384601.469,1790384601.66,1.188,1790384717.816,8,8,8,0,finalizada,customer_hangup,,0.0,completed,,0.065,9
dc955530-4e48-4e21-b8ec-551f3870270c,e3_32,32,1790384591.854,1790384591.868,1790384592.073,1.396,1790384725.041,7,7,7,0,finalizada,customer_hangup,,0.0,active,,0.029,10
888672f7-d2f1-4947-ab61-7e4d3dcd3892,e3_32,32,1790384612.365,1790384612.365,1790384612.558,2.19,1790384729.474,8,8,8,0,finalizada,customer_hangup,,0.0,completed,,0.133,12
a8dddf1d-376f-43ab-9c31-b05c7881b5e4,e3_32,32,1790384656.589,1790384656.59,1790384656.83,3.769,1790384736.324,4,4,4,0,finalizada,customer_hangup,,0.0,completed,,0.111,8
cfe70062-edc3-4a91-aea4-ace3dabcd606,e3_32,32,1790384630.349,1790384630.35,1790384630.54,1.449,1790384745.393,8,8,8,0,finalizada,customer_hangup,,0.0,completed,,0.069,7
60ad1ce2-3f91-4b5f-8099-5c87c59fde8c,e3_32,32,1790384652.997,1790384652.998,1790384653.185,1.343,1790384750.09,5,5,5,0,finalizada,customer_hangup,,0.0,completed,,0.027,8
7de005f7-7bf4-4294-8f84-cfe6b7ae73bc,e3_32,32,1790384678.606,1790384678.606,1790384678.801,1.648,1790384789.316,8,8,8,0,finalizada,customer_hangup,,0.0,active,,0.03,7
f9e46a84-5ee8-4302-8c17-e7907bc35df1,e3_32,32,1790384643.62,1790384643.62,1790384643.864,3.815,1790384816.09,8,8,8,0,finalizada,customer_hangup,,0.0,completed,,0.05,16
b14782f0-ea5a-4836-af0f-ede6d9e91021,e3_32,32,1790384690.305,1790384690.305,1790384690.499,2.1,1790384823.781,8,8,8,0,finalizada,customer_hangup,,0.0,active,,0.075,8
d4bad071-54bb-4dd1-91a4-a51e74cc8d1f,e3_32,32,1790384688.502,1790384688.502,1790384688.707,2.002,1790384844.246,8,8,8,0,finalizada,customer_hangup,,0.0,completed,,0.05,15
f396b0eb-3253-4795-be53-01eb4fb77960,e3_32,32,1790384673.022,1790384673.022,1790384673.222,1.817,1790384851.319,7,7,7,0,finalizada,customer_hangup,,0.0,active,,0.0,18
c1183623-f72e-45e1-a30b-16969e223a6d,e3_32,32,1790384602.864,1790384602.864,1790384603.055,1.318,1790384685.007,6,6,6,0,finalizada,customer_hangup,,0.0,completed,,0.091,6
cb366bc9-2581-49e0-b2f0-cf78706a90fd,e3_32,32,1790384596.07,1790384596.071,1790384596.255,1.318,1790384686.609,6,6,6,0,finalizada,customer_hangup,,0.0,active,,0.026,4
f0b48787-574b-493d-b4d6-f7c1fc22aa51,e3_32,32,1790384648.655,1790384648.655,1790384648.87,1.523,1790384709.239,4,4,4,0,finalizada,customer_hangup,,0.0,active,,0.05,2
465fdf95-953a-41e5-8b42-c05f16112b8c,e3_32,32,1790384591.908,1790384591.922,1790384592.132,1.161,1790384722.799,8,8,8,0,finalizada,customer_hangup,,0.0,active,,0.027,9
56f6499c-5005-4b11-b56b-5026056adcb8,e3_32,32,1790384654.551,1790384654.551,1790384654.792,1.651,1790384729.352,5,5,5,0,finalizada,customer_hangup,,0.0,active,,0.071,2
f90fed60-7337-4ebd-9b58-e7ab81a4f4d2,e3_32,32,1790384615.564,1790384615.564,1790384615.806,3.857,1790384746.351,8,8,8,0,finalizada,customer_hangup,,0.0,active,,0.013,7
00d65be9-e0a2-4e9f-a776-c9a3f16916c6,e3_32,32,1790384688.91,1790384688.911,1790384689.109,2.024,1790384754.016,4,4,4,0,finalizada,customer_hangup,,0.0,active,,0.143,3
7200e958-6714-4b4f-9927-d49fe64b71b3,e3_32,32,1790384636.321,1790384636.321,1790384636.509,1.054,1790384757.146,7,7,7,0,finalizada,customer_hangup,,0.0,completed,,0.0,12
47a8df39-6d5d-4843-87f5-1c4dff4dec77,e3_32,32,1790384673.101,1790384673.101,1790384673.301,1.742,1790384766.359,6,6,6,0,finalizada,customer_hangup,,0.0,completed,,0.056,4
d742b337-3b67-47c5-b5ca-8e12b37b93e7,e3_32,32,1790384660.097,1790384660.098,1790384660.348,2.185,1790384798.154,8,8,8,0,finalizada,customer_hangup,,0.0,active,,0.091,18
b100ff43-9fca-48e3-a19d-439c09be3235,e3_32,32,1790384690.562,1790384690.562,1790384690.766,2.247,1790384821.318,8,8,8,0,finalizada,customer_hangup,,0.0,completed,,0.034,5
bac11c62-4ba5-496a-8aa7-5e66ed805a31,e3_32,32,1790384682.512,1790384682.512,1790384682.725,1.319,1790384828.518,8,8,8,0,finalizada,customer_hangup,,0.0,completed,,0.023,11
7b68ebe7-22ab-4735-b234-d9356f90db2f,e4_64,64,1790384717.35,1790384717.35,1790384717.552,2.097,1790384791.547,5,5,5,0,finalizada,customer_hangup,,0.0,active,,0.1,3
e6aae0a6-9e18-48ac-afad-5d77090cbbc0,e4_64,64,1790384730.124,1790384730.124,1790384730.328,2.36,1790384807.336,4,4,4,0,finalizada,customer_hangup,,0.0,active,,0.067,9
ae73c02b-73c4-4cca-b0d6-b616ad99c819,e4_64,64,1790384699.53,1790384699.532,1790384699.794,4.825,1790384843.481,7,7,7,0,finalizada,customer_hangup,,0.0,active,,0.027,7
2343133c-c82d-495f-bbf9-276e5a603492,e4_64,64,1790384766.539,1790384766.54,1790384766.792,3.707,1790384852.976,4,4,4,0,finalizada,customer_hangup,,0.0,active,,0.0,14
1998207a-222b-408a-8383-7d64e0fe7c60,e4_64,64,1790384741.674,1790384741.675,1790384741.868,2.09,1790384860.731,8,8,8,0,finalizada,customer_hangup,,0.0,active,,0.057,9
95fbf38c-557e-4819-a4c8-3143589229d9,e4_64,64,1790384758.312,1790384758.312,1790384758.51,2.759,1790384865.41,4,4,4,0,finalizada,customer_hangup,,0.0,active,,0.174,10
9ec57c9f-4c63-4e7e-bdba-01c56b54963c,e4_64,64,1790384773.736,1790384773.737,1790384773.952,5.147,1790384865.625,5,5,4,2,finalizada,customer_hangup,,0.0,active,,0.042,5
ec089b60-c09e-4014-9491-0490e0c38855,e4_64,64,1790384793.65,1790384793.651,1790384793.891,6.918,1790384871.614,6,6,4,0,finalizada,customer_hangup,,0.0,completed,,0.269,4
e906c449-051c-4e2e-918a-9db61290b35b,e4_64,64,1790384748.043,1790384748.044,1790384748.248,3.581,1790384876.815,5,5,5,1,finalizada,customer_hangup,,0.0,active,,0.02,7
3b3ba826-3c2d-4869-88fb-c76ce8ca58c6,e4_64,64,1790384785.463,1790384785.463,1790384785.718,8.051,1790384952.928,8,8,5,4,finalizada,customer_hangup,,0.0,completed,,0.529,22
4de32001-1d11-432d-9040-aa11af7a07a7,e4_64,64,1790384800.746,1790384800.747,1790384800.983,9.186,1790384983.661,8,8,4,5,finalizada,customer_hangup,,0.0,completed,,0.588,17
1b91bb2a-166b-49af-8570-87ff4396f24c,e4_64,64,1790384721.452,1790384721.454,1790384721.702,1.923,1790384790.858,5,5,4,0,finalizada,customer_hangup,,0.0,active,,0.349,1
eb6524bc-7460-4eb8-8ccd-f6a468933caa,e4_64,64,1790384731.117,1790384731.117,1790384731.356,2.339,1790384820.353,5,5,5,0,finalizada,customer_hangup,,0.0,active,,0.091,5
7c29660a-ef09-46a2-ad6b-184198ab464e,e4_64,64,1790384748.679,1790384748.679,1790384748.939,3.306,1790384823.889,4,4,4,0,finalizada,customer_hangup,,0.0,active,,0.059,3
cd7a645a-779c-47ce-93ac-4fe06c38d863,e4_64,64,1790384774.271,1790384774.272,1790384774.536,4.82,1790384850.697,4,4,4,0,finalizada,customer_hangup,,0.0,completed,,0.069,7
2dd3f9e5-b82d-4d6a-b9da-1d634d4807e0,e4_64,64,1790384759.6,1790384759.601,1790384759.817,2.759,1790384853.508,5,5,5,1,finalizada,customer_hangup,,0.0,active,,0.0,6
8f3fd84f-a2ec-4a4b-94b1-4318e5cb80bb,e4_64,64,1790384744.284,1790384744.285,1790384744.483,3.062,1790384864.398,7,7,6,0,finalizada,customer_hangup,,0.0,active,,0.417,12
aa2ebd7c-572a-4566-9562-d523c8dbc5de,e4_64,64,1790384767.073,1790384767.074,1790384767.297,5.279,1790384865.813,4,4,4,1,finalizada,customer_hangup,,0.0,active,,0.069,10
7034a156-08af-4cbb-a20a-e80b8b57ae3f,e4_64,64,1790384709.582,1790384709.593,1790384709.804,1.871,1790384876.94,7,7,7,0,finalizada,customer_hangup,,0.0,active,,0.1,27
60c47417-d1bb-4e67-afc3-ec71c30c5b88,e4_64,64,1790384794.262,1790384794.262,1790384794.503,6.982,1790384890.43,4,4,3,1,finalizada,customer_hangup,,0.0,completed,,0.533,12
4c36179c-4fb1-460c-b988-68e0915c2194,e4_64,64,1790384786.502,1790384786.502,1790384786.726,6.769,1790384950.499,8,8,4,1,finalizada,customer_hangup,,0.0,active,,0.676,31
bd15ede5-e281-4e50-bc89-9a267c596c92,e4_64,64,1790384806.845,1790384806.845,1790384807.121,6.325,1790384969.523,8,8,5,2,finalizada,customer_hangup,,0.0,active,,0.509,33
a9d8c98f-7597-4c70-8b50-64e18b5686ea,e4_64,64,1790384711.057,1790384711.07,1790384711.282,2.06,1790384812.624,5,5,5,0,finalizada,customer_hangup,,0.0,completed,,0.0,8
e4a3bdca-e1c4-4238-9b30-eea5c407ac6e,e4_64,64,1790384726.477,1790384726.478,1790384726.67,1.981,1790384831.324,7,7,7,0,finalizada,customer_hangup,,0.004,completed,,0.054,6
21887757-aed1-4628-a846-9dac027801ef,e4_64,64,1790384744.779,1790384744.779,1790384744.986,3.116,1790384839.477,7,7,6,0,finalizada,customer_hangup,,0.003,active,,0.05,2
a30c4ff0-ed25-495d-9c76-874c2e89d8a7,e4_64,64,1790384759.796,1790384759.796,1790384761.034,4.009,1790384866.945,4,4,3,1,finalizada,customer_hangup,,0.002,active,,0.105,13
17da3e5c-86ee-4d58-82e7-9027e93e12f3,e4_64,64,1790384731.776,1790384731.776,1790384732.024,2.478,1790384870.35,5,5,4,0,finalizada,customer_hangup,,0.001,active,,0.125,30
fbb10f4d-0b68-4280-adbf-b9079b10f398,e4_64,64,1790384767.12,1790384767.121,1790384767.33,5.013,1790384889.956,7,7,6,1,finalizada,customer_hangup,,0.0,completed,,0.103,8
2c1a754b-5ee6-465f-8982-82b5cb1c0918,e4_64,64,1790384787.291,1790384787.291,1790384787.577,6.746,1790384890.741,4,4,2,1,finalizada,customer_hangup,,0.001,active,,0.9,24
aae96c50-3c3b-4581-b2e2-ab38f85b9947,e4_64,64,1790384752.451,1790384752.451,1790384752.672,2.71,1790384895.795,7,7,6,2,finalizada,customer_hangup,,0.0,active,,0.1,13
e110283a-c3c6-450a-9305-0d39b4853444,e4_64,64,1790384780.062,1790384780.063,1790384780.347,6.845,1790384895.189,5,5,4,1,finalizada,customer_hangup,,0.0,active,,0.109,13
d13b8905-0d6b-400a-994f-801539b1270e,e4_64,64,1790384808.765,1790384808.765,1790384808.979,7.344,1790384918.816,5,5,3,3,finalizada,customer_hangup,,0.0,active,,0.379,11
bdba1d2a-8dc4-47ef-a9f8-03eac53fd5cd,e4_64,64,1790384794.467,1790384794.468,1790384794.695,7.477,1790384948.389,8,8,4,4,finalizada,customer_hangup,,0.001,completed,,0.844,14
115aed89-5aa2-4f9e-bed6-edf4c0a7734b,e4_64,64,1790384711.43,1790384711.442,1790384711.666,1.988,1790384795.805,6,6,6,0,finalizada,customer_hangup,,0.0,completed,,0.083,3
30b6ca60-4543-4601-b064-a5cb6c8b1ede,e4_64,64,1790384727.869,1790384727.87,1790384728.065,2.138,1790384798.006,6,6,6,0,finalizada,customer_hangup,,0.0,active,,0.073,4
b4528e5a-7c3a-41f9-9fbe-3ec53f15b4b8,e4_64,64,1790384760.643,1790384760.644,1790384760.859,3.685,1790384848.66,6,6,4,1,finalizada,customer_hangup,,0.0,active,,0.255,5
88dc52df-7ff9-4708-b920-aa04f9068ae5,e4_64,64,1790384753.732,1790384753.733,1790384753.93,2.414,1790384884.193,6,6,5,1,finalizada,customer_hangup,,0.0,active,,0.342,15
251f1771-bbbe-45fa-bebe-850f1b0af4bd,e4_64,64,1790384768.609,1790384768.61,1790384769.858,5.046,1790384883.981,5,5,3,0,finalizada,customer_hangup,,0.0,active,,0.371,23
4c0ecea9-b3cd-4180-b058-b785d022ddf6,e4_64,64,1790384787.652,1790384787.652,1790384787.856,7.849,1790384893.39,5,5,4,1,finalizada,customer_hangup,,0.0,active,,0.231,6
b39962fb-d3a2-4c3e-b5b5-720771bbaf85,e4_64,64,1790384745.506,1790384745.506,1790384745.72,2.754,1790384893.674,8,8,6,1,finalizada,customer_hangup,,0.0,active,,0.131,9
a8835734-b455-4a7d-97e5-2aab38ae10dd,e4_64,64,1790384780.097,1790384780.097,1790384780.419,5.025,1790384906.322,6,6,4,1,finalizada,customer_hangup,,0.0,active,,0.25,13
d65f245d-5e87-42dd-880a-5ece256e6782,e4_64,64,1790384733.988,1790384733.989,1790384734.188,2.506,1790384910.387,8,8,7,0,finalizada,customer_hangup,,0.0,active,,0.267,37
0a5715c6-aa8b-4eed-9ddf-1713fd872456,e4_64,64,1790384810.148,1790384810.149,1790384810.612,7.713,1790384927.201,7,7,3,2,finalizada,customer_hangup,,0.0,completed,,0.571,13
95e07e9b-b50a-4ad8-b59f-d1ef8441e379,e4_64,64,1790384794.85,1790384794.85,1790384795.146,6.458,1790384954.855,8,8,5,0,finalizada,customer_hangup,,0.0,active,,0.562,21
a7215c8c-044e-464c-8206-334cfcada074,e4_64,64,1790384712.05,1790384712.064,1790384712.28,1.958,1790384790.571,5,5,5,0,finalizada,customer_hangup,,0.0,active,,0.154,5
ac6a7806-2139-45aa-9c58-59719c77499c,e4_64,64,1790384728.968,1790384728.968,1790384729.167,2.271,1790384828.451,6,6,6,0,finalizada,customer_hangup,,0.0,active,,0.0,7
cf7fc8dd-e919-4694-9061-272ff49baba6,e4_64,64,1790384760.687,1790384760.688,1790384760.914,3.625,1790384834.609,4,4,3,0,finalizada,customer_hangup,,0.0,active,,0.395,10
df21e07a-6097-4f60-8b42-2a6aafabdd79,e4_64,64,1790384735.08,1790384735.081,1790384735.274,1.685,1790384877.445,8,8,6,1,finalizada,customer_hangup,,0.0,active,,0.327,19
a717cd0e-4b8c-477d-9a10-c551c0de9812,e4_64,64,1790384745.898,1790384745.9,1790384746.101,2.978,1790384868.983,6,6,6,1,finalizada,customer_hangup,,0.0,active,,0.023,9
4a46a703-bb75-4aa0-8395-1910c7a12a1d,e4_64,64,1790384754.527,1790384754.527,1790384754.727,2.392,1790384897.489,8,8,7,0,finalizada,customer_hangup,,0.0,active,,0.086,27
74998435-90a7-42fc-b8f1-60d08c900729,e4_64,64,1790384788.177,1790384788.178,1790384788.409,5.679,1790384905.402,6,6,4,2,finalizada,customer_hangup,,0.0,active,,0.714,13
f6739a3c-6d0b-48dd-9fc2-7efd17cb87a6,e4_64,64,1790384770.99,1790384770.991,1790384771.243,4.626,1790384925.929,6,6,4,1,finalizada,customer_hangup,,0.0,active,,0.1,46
582ddca0-2afa-4f62-a3fe-a5e37607c7e0,e4_64,64,1790384817.388,1790384817.389,1790384817.611,8.229,1790384941.91,8,8,5,2,finalizada,customer_hangup,,0.0,completed,,0.492,21
c85e6c5b-cf88-41a8-8346-6aae40a6546f,e4_64,64,1790384798.721,1790384798.721,1790384798.975,6.314,1790384940.137,7,7,3,2,finalizada,customer_hangup,,0.0,active,,0.244,22
9d529fd8-9123-470b-9c05-67d8ed1e2cf0,e4_64,64,1790384780.434,1790384780.435,1790384780.686,7.183,1790384960.006,8,8,5,2,finalizada,customer_hangup,,0.0,active,,0.447,29
a91efe21-2bf9-45f6-ba3a-66685bc38613,e4_64,64,1790384738.094,1790384738.095,1790384738.298,1.572,1790384819.909,5,5,5,0,finalizada,customer_hangup,,0.0,active,,0.0,2
26f04e6a-f9d1-4b0d-b118-31959fb6269f,e4_64,64,1790384771.096,1790384771.097,1790384771.398,4.921,1790384837.067,6,6,6,0,finalizada,customer_hangup,,0.008,active,,0.2,8
718d454a-7ab9-412e-bc88-e818359a72d9,e4_64,64,1790384755.502,1790384755.503,1790384755.704,2.415,1790384852.405,7,7,7,1,finalizada,customer_hangup,,0.015,active,,0.0,3
3e095611-f7ad-4e1a-8f2c-eda28251820d,e4_64,64,1790384780.689,1790384780.69,1790384780.904,6.746,1790384871.132,4,4,4,0,finalizada,customer_hangup,,0.009,active,,0.25,15
aedf2658-aeea-4623-be86-d65dd8a80a52,e4_64,64,1790384747.44,1790384747.441,1790384747.644,3.205,1790384874.044,6,6,6,0,finalizada,customer_hangup,,0.01,completed,,0.023,9
278406f7-e9c2-4cbb-ac25-8634945c4a6a,e4_64,64,1790384713.041,1790384713.056,1790384713.279,1.929,1790384877.463,8,8,7,1,finalizada,customer_hangup,,0.008,active,,0.041,9
3bb7cb48-59c8-4c66-aae2-3acce0674962,e4_64,64,1790384763.815,1790384763.816,1790384764.034,3.935,1790384894.506,7,7,6,1,finalizada,customer_hangup,,0.013,active,,0.106,13
0269a998-6abd-4687-9903-8e91b1124829,e4_64,64,1790384788.589,1790384788.589,1790384788.804,6.886,1790384896.022,4,4,4,0,finalizada,customer_hangup,,0.008,active,,0.056,25
6e10a425-475f-4516-82e7-40f7a9cdf5c7,e4_64,64,1790384729.437,1790384729.438,1790384729.679,2.47,1790384922.435,8,8,6,2,finalizada,customer_hangup,,0.016,active,,0.273,14
57a14ef8-b9cb-4324-b079-6662409d4a22,e4_64,64,1790384798.956,1790384798.957,1790384800.179,7.22,1790384951.3,7,7,3,1,finalizada,customer_hangup,,0.017,active,,0.647,47
2a83f1d4-b5e5-4eff-9e93-d93c581248ab,e4_64,64,1790384817.941,1790384817.942,1790384818.152,6.388,1790384973.597,8,8,4,4,finalizada,customer_hangup,,0.0,completed,,0.548,17
38293657-f34d-40f7-9817-6521f793dacc,e4_64,64,1790384717.167,1790384717.185,1790384717.405,1.877,1790384822.371,6,6,6,0,finalizada,customer_hangup,,0.0,active,,0.0,10
8f142d1c-c477-402e-b912-b8bdb9102333,e4_64,64,1790384747.468,1790384747.469,1790384747.72,3.002,1790384840.645,4,4,3,0,finalizada,customer_hangup,,0.0,completed,,0.4,5
c04ef812-470a-427b-a5a2-7443c2d1d3a8,e4_64,64,1790384729.512,1790384729.513,1790384729.745,2.766,1790384850.851,8,8,8,0,finalizada,customer_hangup,,0.0,active,,0.0,12
c396a00f-bf68-4c59-89b3-efb01a797455,e4_64,64,1790384784.548,1790384784.55,1790384784.81,5.882,1790384857.395,5,5,3,1,finalizada,customer_hangup,,0.0,active,,0.552,5
667a738d-25c9-4038-b182-e64bb266de7d,e4_64,64,1790384763.893,1790384763.893,1790384764.092,3.83,1790384863.844,5,5,4,0,finalizada,customer_hangup,,0.0,active,,0.353,8
456c84be-2fa6-4d5f-944e-367a8e660e4f,e4_64,64,1790384740.572,1790384740.573,1790384740.852,4.31,1790384886.104,6,6,5,1,finalizada,customer_hangup,,0.0,active,,0.074,16
cc6c17d1-d081-4a97-a0d0-4ca573b19dba,e4_64,64,1790384772.679,1790384772.68,1790384772.988,4.074,1790384910.949,7,7,6,1,finalizada,customer_hangup,,0.0,active,,0.275,13
cdcc36bd-2778-45cf-a545-24697aee805f,e4_64,64,1790384756.973,1790384756.973,1790384757.168,2.424,1790384922.303,8,8,5,3,finalizada,customer_hangup,,0.0,active,,0.362,15
2a2cbf3b-bcfd-4240-a869-f061f77954ac,e4_64,64,1790384799.248,1790384799.248,1790384799.511,9.831,1790384929.141,8,8,5,1,finalizada,customer_hangup,,0.0,completed,,0.511,23
2804197c-8e02-4269-9243-c2ce95e3c2d4,e4_64,64,1790384792.572,1790384792.573,1790384792.776,8.796,1790384942.982,6,6,4,2,finalizada,customer_hangup,,0.0,active,,0.467,16
110bc5f7-e1ab-498c-ba75-3d18f28a5f80,e5_96,96,1790384820.181,1790384820.438,1790384820.686,6.885,1790384881.685,5,5,3,0,finalizada,customer_hangup,,0.0,active,,0.139,10
30e415eb-58d4-41a7-921e-34ccaddfe50a,e5_96,96,1790384831.284,1790384831.285,1790384831.574,8.607,1790384931.258,6,6,4,0,finalizada,customer_hangup,,0.0,completed,,0.387,14
685bcec0-d2ec-4e35-b9ff-4ce6c4ce9ae6,e5_96,96,1790384851.158,1790384851.158,1790384851.364,10.968,1790384957.194,6,6,4,1,finalizada,customer_hangup,,0.0,active,,0.39,21
2d85fd80-9dcd-4401-a431-7672af4f2290,e5_96,96,1790384839.715,1790384839.716,1790384839.927,9.764,1790384963.378,8,8,3,3,finalizada,customer_hangup,,0.0,active,,0.556,24
b6f93d8d-56cb-4491-99f5-ae87dd1fc7a7,e5_96,96,1790384875.14,1790384875.141,1790384875.368,8.254,1790384967.909,6,6,1,1,finalizada,customer_hangup,,0.0,active,,0.741,30
898438d9-a9b1-4f71-af89-550bff1abc03,e5_96,96,1790384884.599,1790384884.599,1790384884.82,11.483,1790384990.557,4,4,2,3,finalizada,customer_hangup,,0.0,active,,0.393,10
9618ff06-fa3d-4076-8ab7-f7c9d44d5584,e5_96,96,1790384860.71,1790384860.71,1790384860.941,8.281,1790385041.51,8,8,8,6,finalizada,customer_hangup,,0.0,active,,0.035,18
1255ec15-0ee0-4358-968d-f8b20b714b0e,e5_96,96,1790384924.271,1790384924.271,1790384924.636,12.347,1790385046.976,6,6,5,4,finalizada,customer_hangup,,0.0,active,,0.059,3
ef93b5ed-0249-455c-abf4-cdb886d9bb9b,e5_96,96,1790384914.844,1790384914.845,1790384915.073,9.129,1790385047.337,7,7,6,5,finalizada,customer_hangup,,0.0,active,,0.184,6
1de2b141-aa7b-4a18-a31b-a0556863c6e9,e5_96,96,1790384904.276,1790384904.276,1790384904.479,10.113,1790385049.097,7,7,6,6,finalizada,customer_hangup,,0.0,active,,0.062,3
7de071ea-cbc6-45be-bc8e-cdc018914ef4,e5_96,96,1790384893.849,1790384893.849,1790384894.09,10.472,1790385056.441,7,7,4,7,finalizada,customer_hangup,,0.0,active,,0.286,0
ae32735c-4d05-4ea4-9a37-a6aa46d391db,e5_96,96,1790384934.517,1790384934.517,1790384934.759,15.513,1790385112.683,8,8,5,8,finalizada,customer_hangup,,0.0,active,,0.434,0
869d7792-2f8f-4797-b501-1de215ae3227,e5_96,96,1790384840.33,1790384840.332,1790384840.857,8.469,1790384928.137,4,4,1,3,finalizada,customer_hangup,,0.0,active,,0.263,6
902e5d08-4c05-4626-ab25-7fe4a6e04e46,e5_96,96,1790384831.29,1790384831.291,1790384831.617,6.269,1790384949.244,4,4,2,1,finalizada,customer_hangup,,0.0,active,,0.783,23
37def169-26ad-44a9-8f47-51d3f6dd79b6,e5_96,96,1790384852.656,1790384852.656,1790384852.88,10.447,1790384986.405,6,6,3,1,finalizada,customer_hangup,,0.0,active,,0.69,31
2e540064-1654-4522-a9f8-b978845c68e1,e5_96,96,1790384820.875,1790384820.876,1790384821.11,8.927,1790385012.172,8,8,6,4,finalizada,customer_hangup,,0.0,active,,0.481,29
978922dc-31c5-4a82-8e03-321fa121ee29,e5_96,96,1790384925.38,1790384925.381,1790384925.759,11.608,1790385014.975,5,5,4,3,finalizada,customer_hangup,,0.0,active,,0.367,5
d8929f05-bde6-4bb8-aba3-e65e3af73785,e5_96,96,1790384861.264,1790384861.265,1790384861.49,9.627,1790385029.959,7,7,7,5,finalizada,customer_hangup,,0.0,active,,0.091,16
817c8839-6eb5-4270-a02f-782aa912df74,e5_96,96,1790384904.559,1790384904.559,1790384904.77,10.787,1790384996.04,5,5,0,2,timeout,,,0.0,active,,0.061,8
5d91a8ee-20e6-453d-9a79-d51b0a7e129d,e5_96,96,1790384885.013,1790384885.014,1790384885.337,15.11,1790384996.658,5,5,0,3,timeout,,,0.0,active,,0.45,14
eefc5152-fbaa-4b60-a0e3-c98ff14a48ab,e5_96,96,1790384876.01,1790384876.011,1790384876.252,8.076,1790385000.289,5,5,0,2,timeout,,,0.0,active,,0.19,8
a29a89d2-045f-4938-945d-64da84248ade,e5_96,96,1790384915.145,1790384915.146,1790384915.362,18.045,1790385067.295,7,7,4,7,finalizada,customer_hangup,,0.0,completed,,0.294,0
6c69e193-dd4b-4173-92de-1f61ffe56249,e5_96,96,1790384893.955,1790384893.955,1790384894.221,8.236,1790385069.528,8,8,8,5,finalizada,customer_hangup,,0.0,completed,,0.022,29
cbd71ef3-de0f-436a-abb7-1437d2d7069b,e5_96,96,1790384934.553,1790384934.553,1790384934.822,11.095,1790385078.324,8,8,4,6,finalizada,customer_hangup,,0.0,active,,0.792,8
95d5ef5e-c9c5-4b2d-89c6-dd4e33145f5d,e5_96,96,1790384827.259,1790384827.266,1790384827.494,5.744,1790384952.762,6,6,2,3,finalizada,customer_hangup,,0.0,active,,0.645,16
3eb3613d-b29d-4990-9c69-15e7449b1ca6,e5_96,96,1790384837.702,1790384837.704,1790384838.038,6.86,1790384961.557,6,6,3,1,finalizada,customer_hangup,,0.0,active,,0.955,38
d4833027-9a96-45f6-b130-2821ef141ab6,e5_96,96,1790384860.343,1790384860.344,1790384860.789,7.519,1790384972.603,4,4,2,2,finalizada,customer_hangup,,0.0,active,,0.667,23
44650e6b-618f-4b7c-a1e2-7741fb738a20,e5_96,96,1790384923.285,1790384923.286,1790384923.511,11.429,1790385036.049,5,5,4,4,finalizada,customer_hangup,,0.0,completed,,0.069,6
ecb65d12-8961-4385-8921-065fac5e74d5,e5_96,96,1790384850.715,1790384850.715,1790384850.924,11.254,1790385042.705,7,7,7,5,finalizada,customer_hangup,,0.0,active,,0.039,14
132cce8f-688b-472b-9930-1a64abe4dd33,e5_96,96,1790384904.159,1790384904.16,1790384904.37,16.679,1790385049.701,6,6,5,6,finalizada,customer_hangup,,0.0,active,,0.086,0
47a6d120-e968-40ff-bbfd-eaac18ec83e9,e5_96,96,1790384893.288,1790384893.288,1790384893.686,8.823,1790385052.205,7,7,7,5,finalizada,customer_hangup,,0.0,active,,0.114,17
6a994386-85c3-4971-89fe-9104febbffb3,e5_96,96,1790384882.895,1790384882.896,1790384883.111,9.308,1790385003.795,6,6,0,3,timeout,,,0.0,active,,0.792,18
d8b3e395-dce7-4316-96a6-84e41ea38d09,e5_96,96,1790384874.76,1790384874.76,1790384875.088,10.53,1790385004.699,5,5,0,4,timeout,,,0.0,active,,0.273,16
19f11377-c33a-46e4-bfbb-4dc18e475f33,e5_96,96,1790384933.6,1790384933.601,1790384933.934,14.225,1790385088.283,8,8,6,7,finalizada,customer_hangup,,0.0,active,,0.121,0
206e9166-e6c1-4c35-a2ca-d4f97fa51aae,e5_96,96,1790384914.172,1790384914.173,1790384914.399,10.28,1790385089.111,8,8,4,8,finalizada,customer_hangup,,0.0,completed,,0.545,0
db3129e3-3156-4d99-83f4-4b096cb9cd5f,e5_96,96,1790384831.637,1790384831.637,1790384831.865,8.159,1790384897.495,5,5,3,0,finalizada,customer_hangup,,0.0,active,,0.353,8
c97d8ba7-65cf-47c8-9847-9cc1a2623798,e5_96,96,1790384852.663,1790384852.663,1790384852.93,9.264,1790384935.907,4,4,2,1,finalizada,customer_hangup,,0.0,active,,0.429,10
4ff7a627-0142-4d27-b944-10110b469a3e,e5_96,96,1790384841.286,1790384841.287,1790384841.557,7.696,1790384951.39,6,6,2,2,finalizada,customer_hangup,,0.0,completed,,0.659,16
1f7ee2f1-527b-480f-a265-f4d19f70a543,e5_96,96,1790384821.537,1790384821.538,1790384821.847,5.857,1790384958.737,7,7,5,3,finalizada,customer_hangup,,0.0,active,,0.231,16
c41fb17e-95ab-4c47-bfc7-b65ff79f49a4,e5_96,96,1790384886.166,1790384886.166,1790384886.514,10.321,1790384995.334,5,5,4,3,finalizada,customer_hangup,,0.0,completed,,0.308,2
5b483323-8554-4eeb-8652-c5f4b6d5ec7e,e5_96,96,1790384907.453,1790384907.453,1790384907.658,7.984,1790385017.285,7,7,7,3,finalizada,customer_hangup,,0.0,active,,0.872,9
076ca198-4bf2-4872-87ad-177774341b54,e5_96,96,1790384926.976,1790384926.976,1790384927.252,9.632,1790385027.182,6,6,6,3,finalizada,customer_hangup,,0.0,active,,0.111,6
fa7685c1-33bf-4f5d-b14d-44761b2c9a64,e5_96,96,1790384915.51,1790384915.51,1790384915.825,16.069,1790385035.454,5,5,4,5,finalizada,customer_hangup,,0.0,active,,0.6,0
cd18ac06-e93d-4ccb-86c1-f976c9c74b20,e5_96,96,1790384863.842,1790384863.842,1790384864.059,7.255,1790385042.817,8,8,7,6,finalizada,customer_hangup,,0.0,active,,0.045,9
f8147f53-7b45-4f58-92b8-3eb37c70f952,e5_96,96,1790384894.506,1790384894.507,1790384894.741,6.823,1790384998.304,6,6,0,4,timeout,,,0.0,active,,0.054,2
136486e8-e37c-40c2-8898-10a6103fcfa4,e5_96,96,1790384876.035,1790384876.036,1790384876.282,8.753,1790385068.048,8,8,6,7,finalizada,customer_hangup,,0.0,active,,0.405,5
42f8ccc7-8d3d-45d7-af62-040068db309a,e5_96,96,1790384844.638,1790384844.639,1790384844.895,8.295,1790384943.041,4,4,2,2,finalizada,customer_hangup,,0.0,active,,0.226,17
51340f00-b1f6-4a22-bd2b-d6b5b1500e79,e5_96,96,1790384821.559,1790384821.561,1790384821.798,6.412,1790384953.786,6,6,2,2,finalizada,customer_hangup,,0.0,active,,0.658,35
7d74a5c4-7a02-4a22-b1df-7a00463274bf,e5_96,96,1790384898.173,1790384898.174,1790384898.392,10.284,1790384978.492,4,4,1,1,finalizada,customer_hangup,,0.0,active,,0.562,15
a39bdb0f-70e8-4527-9a4a-c506fedaf76f,e5_96,96,1790384833.315,1790384833.316,1790384833.526,8.484,1790384989.759,7,7,4,4,finalizada,customer_hangup,,0.0,completed,,0.278,17
a0c36d44-e4c3-46a8-882b-fa28e0a11242,e5_96,96,1790384867.937,1790384867.938,1790384868.185,9.436,1790384981.697,6,6,4,4,finalizada,customer_hangup,,0.0,active,,0.162,4
ff5b9393-23fb-4346-8ed0-05d50f890722,e5_96,96,1790384853.678,1790384853.678,1790384853.882,10.208,1790384997.62,8,8,5,3,finalizada,customer_hangup,,0.0,completed,,0.467,17
50fb181f-1d5c-4567-b514-3a2106011030,e5_96,96,1790384917.703,1790384917.703,1790384917.929,14.492,1790385012.312,5,5,5,3,finalizada,customer_hangup,,0.0,active,,0.267,0
a24679c9-cdb4-4d27-8dbc-85f42399c4a7,e5_96,96,1790384908.592,1790384908.592,1790384908.813,10.988,1790385026.265,5,5,5,4,finalizada,customer_hangup,,0.0,completed,,0.147,0
f67390ac-355d-431d-be1e-b5e7821d3d32,e5_96,96,1790384886.828,1790384886.828,1790384887.263,9.768,1790384997.183,8,8,0,3,timeout,,,0.0,active,,0.141,4
4b69bad8-6ab2-4709-aa8d-145496299bc4,e5_96,96,1790384876.982,1790384876.983,1790384877.205,11.455,1790384998.021,6,6,0,2,timeout,,,0.0,active,,0.345,14
d993a7c3-1570-4f94-a6b4-a926b1506b9e,e5_96,96,1790384927.506,1790384927.508,1790384927.725,14.406,1790385073.269,7,7,4,6,finalizada,customer_hangup,,0.0,active,,0.333,3
9af76511-4d82-4183-b7e6-484192817e78,e5_96,96,1790384833.381,1790384833.382,1790384833.601,6.427,1790384936.359,5,5,3,2,finalizada,customer_hangup,,0.0,active,,0.1,9
d68e7ba2-69cc-451f-870e-e1d3170b0e25,e5_96,96,1790384845.783,1790384845.784,1790384846.079,9.679,1790384941.159,5,5,2,1,finalizada,customer_hangup,,0.0,completed,,0.583,19
85982d8a-0a17-4350-ae30-dd90c928be16,e5_96,96,1790384821.808,1790384821.81,1790384822.05,8.128,1790384943.402,5,5,2,3,finalizada,customer_hangup,,0.0,active,,0.864,15
9e5faafe-9e49-43c9-9e8a-f9c944f3b02e,e5_96,96,1790384887.245,1790384887.245,1790384887.534,7.764,1790384956.835,4,4,2,1,finalizada,customer_hangup,,0.0,completed,,0.889,12
42e2034d-e191-43d3-90fb-d40ccb316f03,e5_96,96,1790384853.924,1790384853.924,1790384854.149,8.809,1790384960.653,8,8,4,0,finalizada,customer_hangup,,0.0,active,,0.452,16
edc18ac2-ba9c-4597-aff0-e3f1a1842ef4,e5_96,96,1790384918.416,1790384918.417,1790384918.659,11.779,1790385027.187,5,5,5,4,finalizada,customer_hangup,,0.0,active,,0.093,2
e928222c-fa5a-4b86-9ccd-27fbea41d5af,e5_96,96,1790384880.272,1790384880.272,1790384880.496,10.123,1790385045.993,8,8,7,6,finalizada,customer_hangup,,0.0,active,,0.023,16
c6ffd3e5-226b-4933-abfe-5ce441d7d26c,e5_96,96,1790384899.091,1790384899.092,1790384899.396,10.532,1790384990.897,4,4,0,0,timeout,,,0.0,active,,0.949,13
814aafeb-c7b5-4e73-8bbc-998e29e21c29,e5_96,96,1790384868.708,1790384868.708,1790384868.911,8.877,1790384991.912,7,7,0,3,timeout,,,0.0,active,,0.257,8
58d90cb5-d4b0-4bb7-a939-93ebb9841ff4,e5_96,96,1790384927.984,1790384927.985,1790384928.324,14.834,1790385063.857,6,6,4,6,finalizada,customer_hangup,,0.0,active,,0.321,0
ab9b9cc4-48ab-4153-9f44-6cce976557ee,e5_96,96,1790384908.833,1790384908.834,1790384909.374,9.314,1790385066.045,7,7,5,6,finalizada,customer_hangup,,0.0,active,,0.403,3
993c26df-1704-4e2c-8cfd-0ac527839681,e5_96,96,1790384833.706,1790384833.707,1790384833.931,7.018,1790384925.499,5,5,2,2,finalizada,customer_hangup,,0.0,active,,0.511,9
44524510-9778-4732-837e-7ca1d88c802a,e5_96,96,1790384845.976,1790384845.976,1790384848.22,9.228,1790384939.484,4,4,1,3,finalizada,customer_hangup,,0.0,active,,0.542,7
2b5ce325-fc76-4c34-b8ca-94bab7e58b28,e5_96,96,1790384821.941,1790384821.943,1790384822.174,8.575,1790384952.652,7,7,3,2,finalizada,customer_hangup,,0.0,active,,0.824,32
c076600b-734a-4abb-9d47-0a2f17f87009,e5_96,96,1790384869.144,1790384869.145,1790384869.407,9.401,1790384956.046,4,4,1,1,finalizada,customer_hangup,,0.0,active,,0.947,5
b22f9a96-6619-4f81-986c-cd23f170816f,e5_96,96,1790384855.498,1790384855.498,1790384855.726,8.003,1790384976.689,6,6,3,1,finalizada,customer_hangup,,0.0,active,,0.652,12
a5ed869a-dc58-4347-ba7c-6737777dcdfe,e5_96,96,1790384887.263,1790384887.263,1790384887.535,8.564,1790384985.551,5,5,3,2,finalizada,customer_hangup,,0.0,active,,0.571,6
614d00a7-46bc-4d36-9061-6ced10254a83,e5_96,96,1790384900.592,1790384900.592,1790384900.793,8.496,1790384995.273,4,4,3,3,finalizada,customer_hangup,,0.0,completed,,0.562,14
e958ed2d-2521-4700-b371-72e26141aca6,e5_96,96,1790384909.955,1790384909.956,1790384910.191,10.598,1790385052.167,8,8,8,5,finalizada,customer_hangup,,0.0,active,,0.068,9
7d7132b6-35f6-4eb7-8675-0039c17b1589,e5_96,96,1790384919.051,1790384919.052,1790384919.325,12.354,1790385056.373,6,6,5,6,finalizada,customer_hangup,,0.0,active,,0.067,0
6ead6735-aa22-4468-97db-3e1d65f4ec7a,e5_96,96,1790384928.669,1790384928.67,1790384929.887,13.982,1790385077.389,7,7,5,6,finalizada,customer_hangup,,0.0,completed,,0.154,0
4b81054c-86f7-4e9e-8715-b9f98e00c393,e5_96,96,1790384880.349,1790384880.35,1790384880.622,9.537,1790385077.398,8,8,7,7,finalizada,customer_hangup,,0.0,completed,,0.188,11
76ee7e05-1ca4-49d3-a5b4-57939081ef5b,e5_96,96,1790384846.796,1790384846.797,1790384846.981,6.272,1790384904.664,4,4,2,0,finalizada,customer_hangup,,0.0,active,,0.261,3
e97ba09e-826e-415b-aa15-832a0d1bb6a2,e5_96,96,1790384835.064,1790384835.064,1790384835.358,7.075,1790384940.783,4,4,2,2,finalizada,customer_hangup,,0.0,active,,0.556,14
9bc48564-8be5-4934-a130-bccf65674d91,e5_96,96,1790384856.661,1790384856.662,1790384857.021,8.222,1790384940.854,4,4,3,1,finalizada,customer_hangup,,0.0,active,,0.361,12
46b927d7-4f78-4672-ad81-8b26e6ce1a26,e5_96,96,1790384822.017,1790384822.019,1790384822.26,8.483,1790384957.286,8,8,5,1,finalizada,customer_hangup,,0.0,completed,,0.625,21
64c0c2c8-7e1b-4821-beb0-a9fdb71788a2,e5_96,96,1790384901.922,1790384901.923,1790384902.217,9.067,1790384978.473,5,5,1,1,finalizada,customer_hangup,,0.0,active,,0.455,6
3492f4ab-ed1d-4242-bab1-d67240664067,e5_96,96,1790384880.753,1790384880.753,1790384881.009,7.454,1790385006.38,7,7,5,3,finalizada,customer_hangup,,0.0,completed,,0.391,15
ec216edf-e3c1-416f-a461-3b8845eba9e4,e5_96,96,1790384928.72,1790384928.72,1790384929.482,13.231,1790385031.363,5,5,4,3,finalizada,customer_hangup,,0.0,active,,0.022,3
ba02017a-d9ea-4c80-a170-f046de90474d,e5_96,96,1790384910.423,1790384910.423,1790384910.627,7.257,1790385035.783,8,8,8,4,finalizada,customer_hangup,,0.0,active,,0.065,6
73b1627b-d21b-4710-b9f2-e443e222ffe3,e5_96,96,1790384919.8,1790384919.801,1790384920.013,12.611,1790385046.854,6,6,5,5,finalizada,customer_hangup,,0.0,completed,,0.028,4
b126a1ce-a5ff-442a-b7dd-48f326a6c77f,e5_96,96,1790384869.166,1790384869.166,1790384869.449,10.155,1790384991.396,5,5,0,4,timeout,,,0.0,active,,0.537,1
1a9063cf-4415-4230-b832-49e3ef90e4b5,e5_96,96,1790384887.444,1790384887.445,1790384887.725,13.938,1790385009.283,5,5,0,4,timeout,,,0.0,active,,0.128,11
fde2c1fc-80a1-4ca5-9891-338f9edb51fa,e5_96,96,1790384835.369,1790384835.37,1790384836.615,7.745,1790384899.703,6,6,3,0,finalizada,customer_hangup,,0.0,active,,0.396,4
39f1b09d-6706-4840-8651-91d76223df8f,e5_96,96,1790384846.826,1790384846.827,1790384847.084,12.396,1790384947.864,4,4,2,1,finalizada,customer_hangup,,0.0,active,,0.432,12
7808fa48-0d8d-4c7e-a756-71aa402302e5,e5_96,96,1790384858.404,1790384858.404,1790384858.671,8.798,1790384973.592,5,5,2,0,finalizada,customer_hangup,,0.0,completed,,0.848,42
d4d0bc99-91cb-4e06-b3e2-115b6a7b3530,e5_96,96,1790384870.742,1790384870.743,1790384871.077,11.333,1790384983.09,5,5,3,2,finalizada,customer_hangup,,0.0,active,,0.562,14
f4d4e0e6-ffb9-48e7-ac0e-fc65e7f7ad02,e5_96,96,1790384913.469,1790384913.469,1790384913.675,10.596,1790385004.358,6,6,5,2,finalizada,customer_hangup,,0.0,active,,0.706,13
e3d32783-b566-46d2-8931-8ff3755389d1,e5_96,96,1790384902.917,1790384902.918,1790384903.156,11.314,1790385036.927,8,8,6,5,finalizada,customer_hangup,,0.0,completed,,0.564,9
e316c2b1-575c-4855-9484-e2b4c96d980a,e5_96,96,1790384881.828,1790384881.828,1790384882.066,7.824,1790384991.759,6,6,0,2,timeout,,,0.0,active,,0.643,20
f840cbe8-41b9-453b-9090-f4a04162b63f,e5_96,96,1790384822.304,1790384822.306,1790384822.566,10.394,1790384994.876,7,7,0,5,timeout,,,0.0,active,,0.315,17
24de231c-a881-4112-a4fc-5cc2f865d698,e5_96,96,1790384921.921,1790384921.921,1790384922.309,12.371,1790385065.449,8,8,7,6,finalizada,customer_hangup,,0.0,active,,0.158,2
9119b644-5e24-4ebf-af21-1733e22c3bd2,e5_96,96,1790384888.612,1790384888.613,1790384888.853,11.457,1790385067.457,8,8,7,8,finalizada,customer_hangup,,0.0,active,,0.108,0
4745192e-313c-47ef-97ab-540b03839f8b,e5_96,96,1790384928.768,1790384928.768,1790384929.555,16.224,1790385068.783,7,7,6,6,finalizada,customer_hangup,,0.0,active,,0.537,0
001c69f2-cf0a-4ddb-a3de-9c22bcc02ed5,e5_96,96,1790384823.425,1790384823.429,1790384823.658,8.322,1790384881.584,5,5,4,1,finalizada,customer_hangup,,0.0,active,,0.435,7
20d6dc92-1264-4882-a098-c4798008d704,e5_96,96,1790384835.958,1790384835.958,1790384836.176,6.764,1790384935.0,6,6,3,2,finalizada,customer_hangup,,0.0,active,,0.591,8
f06acbc1-fa4b-4010-b400-69f8e2f34bfc,e5_96,96,1790384932.26,1790384932.261,1790384932.531,,1790384952.538,4,0,0,0,finalizada,customer_hangup,TimeoutError: timeout esperando que el agente empiece a responder,0.0,active,,,0
c6972864-a19c-49eb-926a-875549b8b4e8,e5_96,96,1790384882.442,1790384882.443,1790384882.673,11.728,1790385013.311,7,7,6,4,finalizada,customer_hangup,,0.0,active,,0.561,9
6dfac55e-b4f4-45d7-be16-13b8a372edb5,e5_96,96,1790384847.055,1790384847.055,1790384847.599,8.281,1790385020.285,8,8,7,4,finalizada,customer_hangup,,0.0,active,,0.273,49
645885e5-4966-46d1-abcd-332672fa5ba7,e5_96,96,1790384890.916,1790384890.916,1790384891.198,9.353,1790385022.774,7,7,7,3,finalizada,customer_hangup,,0.0,active,,0.205,19
96995095-c61b-4c31-82f7-f5c84991ed1b,e5_96,96,1790384913.601,1790384913.601,1790384913.834,6.827,1790385023.596,5,5,5,5,finalizada,customer_hangup,,0.0,active,,0.036,0
79d48e35-063c-4b30-8a7e-53ea4dd69462,e5_96,96,1790384903.043,1790384903.043,1790384903.276,11.085,1790385045.827,6,6,6,5,finalizada,customer_hangup,,0.0,completed,,0.056,11
4096ae72-2741-49b0-884d-6154f233ea04,e5_96,96,1790384858.5,1790384858.5,1790384858.826,6.004,1790384993.662,6,6,0,4,timeout,,,0.0,active,,0.373,10
23fc05ce-efd7-48e0-a7d1-047a13b25471,e5_96,96,1790384871.175,1790384871.175,1790384871.395,11.365,1790384994.084,5,5,0,1,timeout,,,0.0,active,,0.59,46
64562c60-063d-4d4b-a692-0dde1eb9a639,e5_96,96,1790384921.925,1790384921.925,1790384922.398,11.033,1790385067.221,8,8,7,6,finalizada,customer_hangup,,0.0,active,,0.375,0
45809d58-50f3-4c96-8cfc-bb8da9fef1bf,e5_96,96,1790384826.936,1790384826.943,1790384827.433,6.769,1790384895.896,5,5,3,0,finalizada,customer_hangup,,0.0,active,,0.429,16
0b03065f-0edc-4af3-8335-39743534ad9c,e5_96,96,1790384837.639,1790384837.64,1790384837.925,7.147,1790384903.056,5,5,4,0,finalizada,customer_hangup,,0.0,active,,0.314,7
cdf86f53-68b1-48b1-afd0-43cc6826f34a,e5_96,96,1790384850.596,1790384850.597,1790384850.846,9.966,1790384934.694,5,5,2,2,finalizada,customer_hangup,,0.0,active,,0.5,11
99fb942c-14e2-4bac-857b-b9170714b319,e5_96,96,1790384892.127,1790384892.128,1790384892.359,8.873,1790384940.244,4,4,2,0,finalizada,customer_hangup,,0.0,completed,,0.6,8
5d5be2e4-5119-4ec9-b3ee-ee527e8a3b3a,e5_96,96,1790384872.973,1790384872.973,1790384873.229,5.693,1790384975.712,6,6,2,1,finalizada,customer_hangup,,0.0,active,,0.625,10
6d196a27-0203-48be-a0b5-348b9afcd0e4,e5_96,96,1790384922.05,1790384922.051,1790384922.305,9.618,1790385014.38,4,4,3,3,finalizada,customer_hangup,,0.0,completed,,0.043,9
2eca2c2c-0130-4f9f-907c-73c91fdadc09,e5_96,96,1790384882.501,1790384882.502,1790384882.835,10.817,1790385032.238,6,6,6,5,finalizada,customer_hangup,,0.0,completed,,0.35,12
9d503ada-61a5-40d3-87d6-102310f485a9,e5_96,96,1790384903.057,1790384903.058,1790384904.27,7.102,1790385035.609,6,6,6,5,finalizada,customer_hangup,,0.0,active,,0.067,2
79b804f9-dac3-4388-804f-f8e889cc151d,e5_96,96,1790384858.597,1790384858.597,1790384858.863,5.12,1790385036.183,7,7,7,4,finalizada,customer_hangup,,0.0,active,,0.038,18
7525406b-10a1-40a4-a619-c4f16e5064ac,e5_96,96,1790384914.094,1790384914.095,1790384914.299,9.964,1790385057.723,6,6,4,6,finalizada,customer_hangup,,0.0,active,,0.286,0
8293eeb1-ba48-4b16-9e10-9cc742b7c986,e5_96,96,1790384932.328,1790384932.329,1790384932.636,17.807,1790385109.743,7,7,4,7,finalizada,customer_hangup,,0.0,active,,0.45,0
ed374230-b04c-4715-97f7-33fcbd596281,warmup,2,1790384194.147,1790384194.148,1790384194.34,1.001,1790384244.518,4,4,4,0,finalizada,customer_hangup,,0.0,completed,,0.75,4
23caddc7-6fd1-40da-8bbe-1e44c9700aba,warmup,2,1790384154.813,1790384154.815,1790384155.031,0.9,1790384250.392,7,7,7,0,finalizada,customer_hangup,,0.0,active,,0.024,4
10e38deb-d04a-4f11-9be1-dbc3534ae42c,warmup,2,1790384174.48,1790384174.48,1790384174.674,0.946,1790384279.952,6,6,6,0,finalizada,customer_hangup,,0.0,completed,,0.059,5
